cell_name,drug_name,IC50,test_pred,
786-O,METHOTREXATE,-3.30763899,0.847008467,
786-O,6-THIOGUANINE,-0.22089635,2.916105509,
786-O,6-MERCAPTOPURINE,0.71482475,2.849644661,
786-O,Colchicine,-3.427562381,0.447346091,
786-O,Nitrogen mustard,0.43264362,3.525920868,
786-O,Allopurinol,5.301702177,3.302288771,
786-O,Actinomycin D,-6.92784166,-4.968919277,
786-O,malacid,1.531219087,3.08801055,
786-O,Chlorambucil,3.367280418,1.669668555,
786-O,badil,-2.394688497,3.015802622,
786-O,Masoprocol,2.832179664,2.971960306,
786-O,Hydroxychloroquine Sulfate,4.605170186,3.253508806,
786-O,aloin,4.605170186,-1.065561056,
786-O,cinchonidine,4.605170186,3.315669298,
786-O,Noscapine,3.914394658,2.077860117,
786-O,Thiotepa,3.594852237,4.3983078,
786-O,Melphalan,2.909480735,2.188440323,
786-O,Triethylenemelamine,1.079656566,2.804664373,
786-O,Dromostanolone Propionate,3.776239553,3.478732824,
786-O,Acrichine,0,3.406665087,
786-O,Fluorouracil,2.499665328,3.865608931,
786-O,Methylprednisolone,4.605170186,2.737943649,
786-O,uridin,2.302585093,2.338340521,
786-O,Nandrolone phenpropionate,3.177567428,2.725126982,
786-O,TESTOLACTONE,6.216979751,3.079832554,
786-O,Mithramycin,-2.722806872,-0.202383608,
786-O,Pipobroman,4.027988856,4.337386131,
786-O,Cyclophosphamide,5.526204223,4.785895824,
786-O,Mitomycin,-0.929890134,-1.422394753,
786-O,Floxuridine,-0.985612286,3.765547991,
786-O,Hydroxyurea,5.741112165,0.616767347,
786-O,Curcumin,1.208857174,2.695137262,
786-O,Uracil mustard,2.362181413,2.575045109,
786-O,Dexamethasone Decadron,4.605170186,2.718710661,
786-O,Chelerythrine,0.621697975,2.885206938,
786-O,Mitotane,2.958821844,2.670752048,
786-O,IDOXURIDINE,4.605170186,3.689766645,
786-O,DACARBAZINE,4.487847993,5.28887701,
786-O,Vinblastine,-7.104136674,-3.699492693,
786-O,Caffeic acid,4.605170186,3.710677862,
786-O,Acetalax,3.753213702,5.448293209,
786-O,3-Bromopyruvate (acid),2.832179664,3.967498779,
786-O,Ergosterol,3.764726627,3.230054855,
786-O,Cytarabine,-0.712331644,0.2891424,
786-O,Cordycepin,2.855205515,4.552798748,
786-O,Vincristine,-3.29598609,-3.78258872,
786-O,Megestrol acetate,4.386424602,3.024405718,
786-O,tfdu,-0.759853081,3.70740962,
786-O,Procarbazine,5.449451387,0.03037069,
786-O,Amuno,4.328859975,3.351770163,
786-O,Cyclobenzaprine Hydrochloride,2.786127963,2.842554808,
786-O,Lomustine,2.692585443,0.525493562,
786-O,Cortivazol,0.402952391,1.600332499,
786-O,Daunorubicin,-3.301805811,-1.44011116,
786-O,Daunorubicin,-4.029523913,-1.44011116,
786-O,STREPTOZOCIN,5.625982911,3.024711847,
786-O,Calusterone,3.753213702,2.715842009,
786-O,Estramustine,1.043838575,3.405472279,
786-O,Vinblastine,-4.605170186,-3.705670834,
786-O,Fluphenazine,4.605170186,1.159797907,
786-O,Arsenic trioxide,2.774615037,2.803888559,
786-O,ergenyl,7.253143043,3.841762304,
786-O,CAMPTOTHECIN,-3.845317105,-2.479955435,
786-O,Camptothecin,-5.105982444,-2.596177816,
786-O,AZACITIDINE,-0.019483412,2.179086208,
786-O,Cladribine,0.898008186,4.422281742,
786-O,Mithramycin,15.54244938,2.977822781,
786-O,Asparaginase,14.37115076,2.977822781,
786-O,Ifosfamide,6.049658568,4.765264034,
786-O,Benzimate,2.256533391,2.868867159,
786-O,Acetylcysteine,7.287681819,9.484926224,
786-O,rifa,4.605170186,2.082764149,
786-O,Acetalax,3.83380418,5.448293209,
786-O,Fludarabine,2.578895304,4.105612278,
786-O,Cisplatin,0.111905636,1.701768875,
786-O,Isotretinoin,3.909789488,3.510093212,
786-O,Teniposide,-1.254908876,0.133144021,
786-O,Doxorubicin,-2.800020195,-1.44011116,
786-O,Fludarabine,3.638084447,4.105612278,
786-O,Bleomycin,0.023515763,0.566993833,
786-O,Paclitaxel,-3.596177398,-3.789674282,
786-O,DECITABINE,2.239264003,2.379485846,
786-O,melbex,-0.414465317,0.956324875,
786-O,Mitomycin,3.373287161,-1.47537601,
786-O,Bendamustine,4.390262244,3.501674414,
786-O,Etoposide,1.499750424,0.100349911,
786-O,M-AMSA,-1.312473503,1.663283706,
786-O,Homoharringtonine,-0.109372792,-2.174726486,
786-O,Mithramycin,9.532702285,-0.202383608,
786-O,Ancitabine hydrochloride,-0.566435933,1.770156503,
786-O,Tegafur,7.230117192,3.749522686,
786-O,M-AMSA,-0.771366006,1.663283706,
786-O,M-AMSA,-1.266421801,1.663283706,
786-O,Ribavirin,4.605170186,4.867847919,
786-O,florid,2.394688497,2.823588371,
786-O,Dexrazoxane,5.589525313,3.678245544,
786-O,Pimozide,1.024650366,1.67574811,
786-O,Elesclomol,4.029523913,-2.598573446,
786-O,Tamoxifen,1.548701677,4.11532259,
786-O,Mebendazole,-0.333874838,3.467710495,
786-O,aclarubicin,-5.090067517,-1.535937309,
786-O,PENTOSTATIN,6.133099866,4.673434734,
786-O,WORTMANNIN,1.738451745,2.233521938,
786-O,RAPAMYCIN,-3.655993442,-1.556352973,
786-O,Carboplatin,4.657501665,3.638843775,
786-O,Econazole nitrate,2.532843602,2.823588371,
786-O,Valrubicin,-1.47365446,-1.399480581,
786-O,M-AMSA,-1.888862546,1.663283706,
786-O,geldanamycin analog,-1.323986428,-0.619933188,
786-O,Idarubicin,-4.361096166,-1.422991872,
786-O,Epirubicin,-2.291072168,-1.44011116,
786-O,Clotrimazole,2.701699842,1.983528614,
786-O,Oxaliplatin,-0.283985495,3.890059233,
786-O,MITOXANTRONE,-4.605170186,0.43078953,
786-O,TRICIRIBINE PHOSPHATE,3.34565614,4.402363777,
786-O,Cytarabine,-0.932546963,0.2891424,
786-O,ciclosporin,2.544356528,3.206695318,
786-O,Mitoxantrone,-3.837641822,0.43078953,
786-O,AMONAFIDE,0.782878932,2.588271856,
786-O,Fludarabine,3.678379686,4.566571236,
786-O,Batracylin,3.4135824,3.762143135,
786-O,auranofin,-1.082214994,0.048546977,
786-O,Buthionine sulphoximine,3.689253005,3.753648043,
786-O,Tanespimycin,-2.367825004,-0.623406589,
786-O,tic10,0.997786874,-0.140528351,
786-O,TRIMETREXATE GLUCURONATE,-5.152673753,2.622923613,
786-O,8-Chloro-adenosine,0.583321557,4.487011433,
786-O,HYPOTHEMYCIN,1.266421801,0.679467201,
786-O,PYRAZOLOACRIDINE,-2.308341556,3.22641325,
786-O,Imiquimod,3.22361913,2.640193701,
786-O,FENRETINIDE,0.944059888,2.217767477,
786-O,DOLASTATIN 10,-6.823327159,3.800807238,
786-O,Carmustine,3.749120217,3.577612162,
786-O,Mithramycin,9.801337213,-0.186518908,
786-O,Amphotericin B,2.48218673,-1.158102274,
786-O,timazid,5.756462732,3.840041161,
786-O,Zalcitabine,6.907755279,0.145114958,
786-O,Rapamycin,2.394688497,0.827792943,
786-O,Clofarabine,-2.440740199,4.266627789,
786-O,Vinorelbine,-3.891368807,-3.313502073,
786-O,Topotecan,-3.504863452,-0.461461425,
786-O,Gemcitabine,-3.484578774,-1.843191504,
786-O,"Bisacodyl, active ingredient of Viraplex",4.517671952,3.860935211,
786-O,Haloperidol,2.97033477,2.662364483,
786-O,Irinotecan,1.185831323,1.74255383,
786-O,Staurosporine,-5.93606437,-3.868564844,
786-O,PENTAMIDINE ISETHIONATE,2.601921155,4.124674797,
786-O,Pyrazoloacridine,-1.657861267,3.22641325,
786-O,Docetaxel,-4.363398751,-3.857152462,
786-O,Lapachone,0.184206807,2.199106216,
786-O,Depsipeptide,-6.992183399,-5.166770935,
786-O,Lovastatin,2.279559242,3.121206045,
786-O,Simvastatin,2.23350754,3.121206045,
786-O,O-6-Benzylguanine,3.799265403,4.413581371,
786-O,7-Hydroxystaurosporine,-2.433064915,2.561314344,
786-O,7-Hydroxystaurosporine,-3.630409163,-3.897110939,
786-O,Raltitrexed,-4.113952033,0.185193211,
786-O,Perifosine,1.007380978,4.529679775,
786-O,Alvocidib,-3.08776661,-1.321624875,
786-O,Mifepristone,2.71705041,1.9660815,
786-O,Midostaurin,5.902293122,-1.396204829,
786-O,XK-469,4.397937528,3.056446075,
786-O,Triapine,-1.162805472,-3.342678308,
786-O,Artemether,4.605170186,2.408150434,
786-O,Kahalide F,0.552620422,-4.178863525,
786-O,7-Ethyl-10-hydroxycamptothecin,-5.180816459,-3.722674131,
786-O,Okadaic acid,-4.643546604,1.493320465,
786-O,leflunomide,4.006498062,4.872348309,
786-O,PD-98059,4.259782422,4.046772957,
786-O,Bortezomib,-5.537717149,-4.82068491,
786-O,Irofulven,-1.611809565,3.164291143,
786-O,Temsirolimus,-5.480152521,0.94694525,
786-O,Epothilone B,-7.675283643,-5.539024353,
786-O,AMINOFLAVONE,2.652578027,4.24509573,
786-O,norvir,3.200593279,2.244820833,
786-O,BN-2629,-5.019635503,2.267285585,
786-O,LY-294002,2.279559242,2.766871452,
786-O,RH1,-3.838738291,-0.668278575,
786-O,Nitazoxanide,3.292696683,2.831290245,
786-O,XK-469,4.605170186,3.056446075,
786-O,5-Fluoro deoxy uridine 10mer,-5.295945714,3.717379093,
786-O,Denileukin Diftitox Ontak,-5.20384231,2.977822781,
786-O,Pemetrexed,-4.57063141,2.729806423,
786-O,XK-469,4.605170186,3.056446075,
786-O,Seliciclib,3.465390565,3.573127747,
786-O,Vorinostat,1.100123989,1.607909679,
786-O,Estramustine,3.776239553,3.541270018,
786-O,Arsenic trioxide,1.657861267,2.977822781,
786-O,Entinostat,1.208857174,2.315503836,
786-O,Eribulin mesilate,-7.468050985,1.91085434,
786-O,Alvespimycin,-2.828890257,-0.662605584,
786-O,AR-67,-4.605170186,-2.457302332,
786-O,Karenitecin,-4.605170186,-3.638615131,
786-O,PX-316,4.605170186,5.444509029,
786-O,AFP464,2.23350754,3.94192338,
786-O,Artesunate,2.740076261,2.207772017,
786-O,Rebimastat,4.605170186,6.611727715,
786-O,Imexon,4.835428695,2.750982523,
786-O,Gefitinib,2.152917062,3.54230237,
786-O,Erlotinib,2.226599785,3.414079428,
786-O,E-7820,2.041625449,2.265618086,
786-O,Fulvestrant,4.605170186,4.135473251,
786-O,Celecoxib,3.338748385,1.056866169,
786-O,claritin,2.71705041,2.543307066,
786-O,Zoledronate,2.947308919,3.727406979,
786-O,Sonolisib,0.034538776,-1.566308379,
786-O,LMP-400,-0.368413615,-0.601561368,
786-O,LMP776,-4.605170186,-0.577078879,
786-O,Belinostat,-0.069077553,0.632296264,
786-O,Ofloxacin,4.605170186,3.083102942,
786-O,Lapatinib,1.485167385,3.365344763,
786-O,Irinotecan,-4.605170186,1.74255383,
786-O,Lificguat,1.554244938,3.288788557,
786-O,SR16157,0.241771435,2.839603424,
786-O,Dasatinib,-2.647972857,-0.985056698,
786-O,Everolimus,-4.605170186,0.838467479,
786-O,DMAPT,2.026274882,1.379521966,
786-O,Pazopanib,1.784503447,1.756124854,
786-O,Selumetinib,4.106276749,4.30494833,
786-O,BML-277,3.507604625,2.952320576,
786-O,Imatinib,2.778452679,2.411334038,
786-O,Obatoclax,-3.035574681,3.139618874,
786-O,Lapatinib,1.694702628,3.365344763,
786-O,Nelfinavir,1.772990522,1.592755198,
786-O,Nilotinib,0.805904783,3.430424929,
786-O,Olaparib,4.605170186,4.074960232,
786-O,Ixabepilone,-7.276168894,-4.636183262,
786-O,Raloxifene,2.026274882,2.166039944,
786-O,Abiraterone,1.646348341,2.399218559,
786-O,Abiraterone,0.621697975,-1.266523957,
786-O,AT-13387,0.656236752,1.481151223,
786-O,Sunitinib,0.878819977,1.404785872,
786-O,Afatinib,0.828930633,2.244902849,
786-O,Y-27632,4.605170186,2.978045464,
786-O,salinomycin,-0.414465317,-1.691666007,
786-O,Iniparib,4.605170186,1.352169991,
786-O,Pazopanib,1.404576907,1.756124854,
786-O,Veliparib,4.605170186,4.92521286,
786-O,Olaparib,4.605170186,4.074960232,
786-O,Depsipeptide,-4.605170186,-5.166770935,
786-O,pralatrexate,-4.605170186,0.635183275,
786-O,Rigosertib,-1.945684404,2.147237301,
786-O,JNJ-28312141,1.162805472,3.17488265,
786-O,AMG-458,3.09697695,3.236537933,
786-O,PF-03084014 diastereomer 1,2.647972857,3.271460295,
786-O,Amuvatinib,4.605170186,3.705264807,
786-O,CB-64D,1.162805472,2.344294071,
786-O,XL-147,1.289447652,2.584265232,
786-O,Adavosertib,-0.978598665,0.224359661,
786-O,Buparlisib,0.73682723,1.071273923,
786-O,GSK-461364,-3.131515726,-2.690053701,
786-O,PF-562271,1.105240845,0.736363411,
786-O,RAF-265,0.794391857,3.263501406,
786-O,AEG-40730,0.495055795,1.64087379,
786-O,MI-219,2.832179664,2.593197107,
786-O,Astex FGF inhibitor,0.817417708,1.817858934,
786-O,SB-590885,0.874982335,3.527766466,
786-O,XR-11576,-2.429227273,2.500051975,
786-O,XR-5944,-3.407825938,2.733622551,
786-O,Itraconazole,-0.575646273,1.479979038,
786-O,Pemetrexed,-2.797640888,1.966381788,
786-O,Pictilisib,-0.909521112,0.958249629,
786-O,Ispinesib,-4.605170186,-1.591885686,
786-O,Sepantronium bromide,-4.248269497,-3.718910217,
786-O,Bosutinib,0.552620422,2.579491854,
786-O,Masitinib,1.254908876,3.279607058,
786-O,Enzalutamide,3.787752478,1.377260923,
786-O,Cediranib,1.272178264,1.537430406,
786-O,XAV-939,3.569006894,3.10895133,
786-O,Luminespib,0.690775528,-2.48596859,
786-O,Pimasertib,1.819042223,0.679387391,
786-O,GW-5074,2.901257217,3.956313848,
786-O,H-89,1.439115683,3.856006384,
786-O,LY-294002,1.139779621,2.766871452,
786-O,PD-0325901,3.073951099,1.882660985,
786-O,"1,9-Pyrazoleanthrone",2.475278975,2.78651309,
786-O,Foretinib,0.48354287,0.54090929,
786-O,Actinomycin D,-4.605170186,-5.177320004,
786-O,Mitomycin,-0.967085739,-1.422394753,
786-O,Hydrastinine HCl,2.866718441,2.972338676,
786-O,PF-03084014 diastereomer 1,2.601921155,3.271460295,
786-O,Lenvatinib,2.601921155,2.446182489,
786-O,BI-2536,-3.09697695,-1.203942418,
786-O,Pralatrexate,4.605170186,2.949189425,
786-O,Nelarabine,4.605170186,5.578846455,
786-O,ICG-001,1.151292546,2.206398249,
786-O,Entinostat,1.611809565,2.315503836,
786-O,KX-01,-2.705537484,4.068211079,
786-O,Crizotinib,0.752177797,2.35076046,
786-O,IWR-1,4.305834124,3.117743254,
786-O,Quizartinib,1.047676217,1.909825683,
786-O,AZD-1480,3.166054503,0.829130411,
786-O,Linsitinib,2.705537484,4.411793232,
786-O,ZM-336372,3.937420509,0.949482322,
786-O,MK-2206,-0.207232658,2.872226954,
786-O,OSU-03012,0.37992654,1.188907743,
786-O,Intedanib,0.583321557,2.655466557,
786-O,Quercetin,3.039412323,4.10127449,
786-O,sr 13654,1.502436773,3.023723602,
786-O,Obatoclax,-2.935795994,3.139618874,
786-O,COLCHICINE,-4.029523913,0.447346091,
786-O,DAUNORUBICIN,-2.682511633,-1.44011116,
786-O,DIGOXIN,-2.809153813,2.789052248,
786-O,(-)-Nutlin-3,2.878231366,2.463014364,
786-O,1st Precursor Intermediate to TDP 665759,4.605170186,2.874512672,
786-O,Lificguat,3.177567428,3.288788557,
786-O,ETHINYL ESTRADIOL,1.634835416,3.637419939,
786-O,Fluorouracil,3.569006894,3.865608931,
786-O,badil,-1.680887118,3.015802622,
786-O,Nitrogen mustard,-0.069077553,3.525920868,
786-O,Melphalan,2.601921155,2.188440323,
786-O,AZD-7762,-1.79025991,0.011433624,
786-O,Volasertib,-2.624947006,-1.122557759,
786-O,malacid,1.772990522,3.08801055,
786-O,Cpd-401,4.605170186,3.191992044,
786-O,6-Thioguanine,-1.093727919,4.722752094,
786-O,TYROTHRICIN,-2.072326584,2.652060032,
786-O,Vinblastine,-5.295945714,-3.699492693,
786-O,pentamidine isethionate,2.4867919,4.124674797,
786-O,melbex,-1.128266696,0.956324875,
786-O,OUABAIN,-4.018010987,3.156073332,
786-O,Cabozantinib,1.899632702,1.500274777,
786-O,Salinomycin,0.230258509,-1.691666007,
786-O,PLX-4720,2.371662646,2.618797541,
786-O,Neratinib,-0.310848988,1.915493965,
786-O,Deforolimius,2.187455838,-2.060409307,
786-O,Axitinib,2.935795994,3.02113986,
786-O,Intedanib,0.391439466,2.655466557,
786-O,Barasertib,4.605170186,1.927280545,
786-O,Etoposide,-0.023025851,0.100349911,
786-O,Mebendazole,-0.518081646,3.467710495,
786-O,Econazole Nitrate,0.633210901,2.823588371,
786-O,Sapitinib,1.657861267,3.424970388,
786-O,Tivozanib,1.237639487,0.127494693,
786-O,MONENSIN SODIUM,-3.108489876,2.844744444,
786-O,Azacitidine,-0.368413615,2.179086208,
786-O,Floxuridine,-4.08708854,3.765547991,
786-O,Tivantinib,-0.212989121,3.293998003,
786-O,BMS-754807,1.024650366,2.119004488,
786-O,tepotinib,0.683100244,3.209452868,
786-O,ENMD-2076,0.299336062,1.326914907,
786-O,Trametinib,1.381551056,0.672890425,
786-O,Palbociclib,1.611809565,3.030952215,
786-O,RO-5126766,4.455502155,3.890442371,
786-O,Pracinostat,-0.782878932,3.947969198,
786-O,SNS-314,2.026274882,1.770711899,
786-O,Amonafide,1.358525205,2.588271856,
786-O,Carfilzomib,-3.47690349,1.131810904,
786-O,Homoharringtonine,-3.419338863,-2.174726486,
786-O,Ixazomib citrate,-2.71705041,-2.261178732,
786-O,Teniposide,-1.646348341,0.133144021,
786-O,PKI-587,-1.439115683,1.63872695,
786-O,LY-2606368,-4.973583801,1.525302529,
786-O,M-AMSA,-1.98022318,2.929862261,
786-O,Ezatiostat,2.855205515,1.087044239,
786-O,BX-912,2.325610944,2.093791485,
786-O,HPI-1,2.440740199,-0.025918163,
786-O,Ponatinib,-0.844281201,-0.831346869,
786-O,Lexibulin,-3.09697695,1.846589327,
786-O,Indibulin,-2.935795994,3.875202894,
786-O,SGX-523,4.605170186,3.666986227,
786-O,Bleomycin,0.909521112,0.555420458,
786-O,Paclitaxel,-3.073951099,-3.789674282,
786-O,Lovastatin,2.555869453,3.121206045,
786-O,Rapamycin,1.703912969,-1.556352973,
786-O,Teniposide,-3.396313012,0.133144021,
786-O,ANCITABINE HYDROCHLORIDE,0.898008186,1.770156503,
786-O,ARTENIMOL,0.472029944,2.552484035,
786-O,Simvastatin,1.139779621,3.121206045,
786-O,Varbulin,-4.605170186,3.298536301,
786-O,Belinostat,0.773668591,0.632296264,
786-O,AZD-8055,-3.177567428,-0.210127652,
786-O,Saracatinib,1.502436773,0.622493565,
786-O,ABT-737,1.277934727,3.16332984,
786-O,Fluvastatin,1.554244938,3.418586969,
786-O,ENMD-2076 Precursor,1.151292546,2.677690029,
786-O,JNJ-38877605,3.83380418,3.416836023,
786-O,Triapine,-1.105240845,-3.342678308,
786-O,Doxorubicin,-3.430851789,-1.44011116,
786-O,Vincristine,-4.259782422,-3.78258872,
786-O,Pipamperone,1.531219087,1.926480651,
786-O,Epirubicin,-2.095352435,-1.44011116,
786-O,Idelalisib,1.588783714,3.6295259,
786-O,IDEBENONE,2.256533391,2.306485415,
786-O,Topotecan,-4.409450453,-0.461461425,
786-O,ARSENIC TRIOXIDE,-0.633210901,2.803888559,
786-O,CYC-116,0.345387764,3.587208509,
786-O,6-Mercaptopurine,-0.345387764,4.658352375,
786-O,Quisinostat,-3.177567428,2.691302061,
786-O,6-(4-pyrimidinyl)-1H-indazole derivative,1.197344248,2.876716375,
786-O,Navitoclax,0.633210901,3.13156867,
786-O,OSI-027,-1.059189143,1.627975583,
786-O,Dovitinib,0.184206807,2.990752935,
786-O,KW-2449,1.888119776,3.07675004,
786-O,PI-103,-1.462141534,0.846550107,
786-O,Alisertib,1.485167385,0.757572532,
786-O,artesunate,0.103616329,2.207772017,
786-O,Docetaxel,-5.20384231,-3.857152462,
786-O,Vorinostat,1.036163292,1.607909679,
786-O,Gefitinib,1.082214994,3.54230237,
786-O,Clofarabine,-2.383175571,4.266627789,
786-O,Dasatinib,-2.878231366,-0.985056698,
786-O,Irinotecan,-1.093727919,1.74255383,
786-O,4SC-202,-0.771366006,2.07223177,
786-O,nitazoxanide,0.851956484,2.831290245,
786-O,VINORELBINE,-2.763102112,-3.311996698,
786-O,Mocetinostat,0.759853081,2.811054945,
786-O,AT-9283,0.057564627,3.171014547,
786-O,(+)-JQ1,-0.172693882,1.588615298,
786-O,Fenretinide,0.541107497,2.217767477,
786-O,Daporinad,4.605170186,-2.904325724,
786-O,Copanlisib,-2.394688497,2.964470625,
786-O,Tipifarnib,1.11675377,0.365627259,
786-O,PF-04691502,-2.670998708,3.317695856,
786-O,Voreloxin,-0.851956484,2.674254894,
786-O,BMS-690514,0.080590478,2.809593439,
786-O,Vandetanib,0.99011159,3.137196779,
786-O,Tandutinib,2.901257217,3.504845381,
786-O,Motesanib,3.776239553,5.15891552,
786-O,Cabozantinib,1.703912969,2.307862043,
786-O,VE-821,1.24339595,3.397968531,
786-O,Rabusertib,-1.047676217,3.351758242,
786-O,Teglarinad,2.325610944,2.116181135,
786-O,Panobinostat,-3.592032745,-2.825217724,
786-O,brigatinib,0.99011159,1.748987317,
786-O,Pevonedistat,-0.402952391,0.69197017,
786-O,Silmitasertib,1.300960578,1.672421932,
786-O,CUDC-305,1.358525205,3.563072681,
786-O,TAK-733,1.531219087,-0.427482128,
786-O,Avagacestat,4.605170186,4.352366924,
786-O,Sonidegib,1.059189143,2.870796204,
786-O,Sonidegib,1.749964671,2.870796204,
786-O,CCT-128930,0.898008186,2.337222815,
786-O,By-Product of CUDC-305,3.039412323,2.718697548,
786-O,Vemurafenib,1.419927474,2.91031456,
786-O,SCH-1473759,-3.050925248,2.617237806,
786-O,MK-8033,3.269670832,2.714338779,
786-O,Vertex ATR inhibitor Cpd 45,0.713801379,3.510482073,
786-O,TAK-960 analog,-1.174318397,2.98043704,
786-O,BMS-536924,0.195719733,1.617825389,
786-O,ITRI-260,2.095352435,1.586494327,
786-O,Ibrutinib,0.614022691,4.571577549,
786-O,KHK-Indazole,2.532843602,2.808887243,
786-O,TAK-901,0.276310211,1.948971629,
786-O,ONX-0914,-1.013137441,1.554469228,
786-O,ST-3595,-0.011512925,-1.151971102,
786-O,Des-fluoro-TAK-960,-2.394688497,3.047350645,
786-O,CH-5132799,-0.575646273,3.505424261,
786-O,TAK Plk inhibitor,-1.819042223,2.644987822,
786-O,CT-32228,-2.809153813,3.353454351,
786-O,RO-4987655,2.751589186,1.463962913,
786-O,SB-1317,-3.453877639,2.31016326,
786-O,MK-0752,4.605170186,3.478817225,
786-O,PF-477736,-1.358525205,3.155441999,
786-O,Pluripotin,-2.809153813,1.885873914,
786-O,Crenolanib,0.587159199,3.392881632,
786-O,JZL-195,4.605170186,2.357607603,
786-O,EMD-534085,1.692400043,1.990094662,
786-O,AT-13387,-0.449004093,1.481151223,
786-O,LOR-253,-1.416089832,3.139097452,
786-O,AS-703569,-2.682511633,2.201007128,
786-O,PF-04217903,4.605170186,2.397848368,
786-O,Dinaciclib,-4.593657261,-2.676021814,
786-O,BP-1-102,2.578895304,2.827979565,
786-O,AZD-5363,-1.036163292,2.896355867,
786-O,Alectinib,0.621697975,3.508920431,
786-O,TAE-684,0.103616329,-0.176925093,
786-O,ARRY-162,4.605170186,4.253765106,
786-O,(+)-JQ1,-0.50656872,1.588615298,
786-O,BMS-777607,2.935795994,2.936666727,
786-O,Apitolisib,-1.830555149,-0.845648289,
786-O,GSK-2126458,-4.605170186,-2.922158957,
786-O,Dabrafenib,3.879855882,3.566072702,
786-O,BMS-599626,1.807529298,2.148576975,
786-O,Abexinostat,-0.909521112,2.866640806,
786-O,6-Bromoindirubin-3'-Acetoxime,0.874982335,3.457191706,
786-O,AZD-4547,1.819042223,2.736204863,
786-O,delanzomib,-4.27705181,0.489528686,
786-O,Brivanib,2.440740199,1.203913569,
786-O,NVP-BGJ398,0.633210901,2.096016169,
786-O,Pp-242,-1.231883025,3.246287584,
786-O,ZSTK-474,-1.508193236,1.441812992,
786-O,UNC-0638,2.348636795,4.08815527,
786-O,MK-2461,1.98022318,3.229129076,
786-O,ARRY-380,3.004873546,2.955027103,
786-O,10058-F4,2.993360621,2.617527723,
786-O,BAL-101553,-2.889744292,2.954569101,
786-O,INK-128,-3.626571521,3.307993889,
786-O,SCH-900776,0.667749677,2.826146126,
786-O,SM-406,4.605170186,1.114379168,
786-O,ONX-0801,1.565757863,2.125219584,
786-O,ARQ-680,3.004873546,3.62569499,
786-O,Gandotinib,0.518081646,2.40526557,
786-O,Alectinib,0.621697975,3.508920431,
786-O,Varlitinib,1.968710255,2.989343882,
786-O,MPC-3100,1.588783714,3.358798742,
786-O,BMN-673,4.605170186,1.933247209,
786-O,Ganetespib,-2.682511633,2.843976259,
786-O,YK-4-279,1.865093925,1.544212937,
786-O,S-49076,4.167679018,1.941324949,
786-O,Bosutinib,0.73682723,2.608740807,
786-O,PD 184352,0.99011159,2.015896082,
786-O,Gemcitabine elaidate,-4.271295348,-1.893505454,
786-O,AZD-3514,3.891368807,2.970713615,
786-O,ASP-3026,2.141404136,0.018128552,
786-O,Refametinib,2.97033477,2.815755606,
786-O,Dacomitinib,0.402952391,1.228601098,
786-O,ABT-348,-0.794391857,1.71163249,
786-O,GDC-0152,4.133140242,3.529346228,
786-O,AEE-788,0.702288453,1.935443521,
786-O,BYL-719,2.406201422,3.584075928,
786-O,Teriflunomide,3.545981043,4.001878262,
786-O,CT-GSK183,2.429227273,2.1981709,
786-O,ABT-199,1.266421801,3.197856188,
786-O,PHA-665752,0.713801379,2.207941771,
786-O,LY-2228820,2.417714348,3.999370575,
786-O,BMS-911543,4.605170186,2.057179213,
786-O,CEP-14083,0.621697975,2.849374533,
786-O,MLN-2480,3.592032745,2.542549849,
786-O,Ixazomib,-3.58051982,-2.80593133,
786-O,PD 173074,1.692400043,2.847907782,
786-O,GSK-690693,-0.782878932,3.894846678,
786-O,BAY 61-3606,0.874982335,1.232245207,
786-O,AEW-541,0.644723826,2.785289526,
786-O,BMS-387032,-0.748340155,2.691727877,
786-O,Saridegib,2.187455838,3.60386157,
786-O,Enzastaurin,2.129891211,3.292508841,
786-O,BMN-673,4.605170186,1.933247209,
786-O,Birinapant,4.605170186,4.124525547,
786-O,AZD-2014,-1.381551056,0.863501132,
786-O,MLN-0905,-2.498304826,3.42334795,
786-O,Momelotinib,0.230258509,2.23279953,
786-O,I-BET-151,1.623322491,0.765866816,
786-O,Fedratinib,0.207232658,1.817333102,
786-O,VX-944,-1.669374192,2.988894224,
786-O,Pelitrexol,-4.605170186,1.778170586,
786-O,ADW-742,0.529594571,2.785289526,
786-O,BPR1J-097,1.565757863,2.83399415,
786-O,Ipatasertib,-0.598672124,3.70678854,
786-O,GSK-1904529A,4.605170186,4.140473843,
786-O,Rocilinostat,1.842068074,1.248910427,
786-O,R-1530,0.782878932,2.139908075,
786-O,EMD-1204831,4.605170186,3.146142244,
786-O,Cobimetinib (isomer 1),1.749964671,0.834219754,
786-O,Cobimetinib (isomer 1),2.049300733,0.834219754,
786-O,enantiomer of PF-4176340,-0.73682723,2.62500453,
786-O,TAK-960,-3.131515726,2.932094812,
786-O,LY-2835219,1.554244938,2.029890776,
786-O,SAR-245409,3.200593279,2.802661896,
786-O,SAR-402674,-4.605170186,2.393580675,
786-O,GSK-2636771,3.212106205,2.579619408,
786-O,SNX-5422,2.786127963,-0.435808301,
786-O,IDH1-Comp 301,3.453877639,4.248186588,
786-O,CEP-9722,2.71705041,2.83860755,
786-O,RG-7112,1.393063981,2.121421099,
786-O,GDC-0349,-0.955572814,2.921789408,
786-O,ARQ-621,0.138155106,-1.103496075,
786-O,AT-13148,-0.828930633,2.211093426,
786-O,VX-322,0.50656872,2.936733723,
786-O,SAR-125844,0.921034037,3.29851079,
786-O,LY-2874455,-1.381551056,3.030499697,
786-O,Lestaurtinib,-1.542732012,-0.111468263,
786-O,LY-2801653,4.605170186,2.305943489,
786-O,LY-2090314,1.11675377,3.318272114,
786-O,ARRY-520 Isomer A,-4.605170186,-3.465671778,
786-O,ARRY-520 Isomer A,-2.866718441,-3.465671778,
786-O,Pelitrexol isomer A,-4.605170186,1.778170586,
786-O,Pelitrexol isomer B,-4.605170186,1.778170586,
786-O,XL-888,-1.888119776,1.977751136,
786-O,IPI-145,0.356900689,2.621518373,
786-O,ARRY-704,4.432476304,0.745380044,
786-O,IDH-C227,2.809153813,4.285411835,
786-O,KPT-185,-2.325610944,2.656177759,
786-O,LCL-161,2.832179664,3.924654722,
786-O,PF-4942847,1.151292546,1.501603723,
786-O,XL-019,1.72693882,1.23567605,
786-O,PKM2 (9),3.638084447,2.807935476,
786-O,Fostamatinib,0,0.415096492,
786-O,R-547,-0.402952391,3.455093145,
786-O,KPT-251,-2.440740199,1.98796308,
786-O,GSK-921,-4.605170186,-0.064643987,
786-O,VX-689,2.740076261,2.657466412,
786-O,Bafetinib,1.772990522,1.551175833,
786-O,R-306465,-1.646348341,2.909763098,
786-O,B-7100,-0.057564627,1.795466423,
786-O,AT-7519,5.55112E-17,1.421233654,
786-O,Cilengitide,1.703912969,3.37596035,
786-O,NMS-E628,0.333874838,3.111389637,
786-O,I-BET-762,4.190704869,2.475042582,
786-O,Milciclib,-0.921034037,1.809892297,
786-O,Rebastinib,0.967085739,4.322456837,
786-O,AZD-2858,1.485167385,3.550310135,
786-O,P-529,2.832179664,2.958628654,
786-O,SCH-772984,3.856830031,2.978260279,
786-O,AMD-070,3.039412323,3.481877089,
786-O,BMS-863233,4.605170186,2.796432734,
786-O,Telatinib,0.828930633,2.82434988,
786-O,CEP-32496,0.944059888,1.866270065,
786-O,AZD-1208,2.728563335,4.539371014,
786-O,LDK-378,0.472029944,0.649548113,
786-O,EXEL-7647,0.103616329,3.099881411,
786-O,AZD-3463,-0.598672124,3.225534916,
786-O,MK-0429,-1.404576907,2.634374857,
786-O,PI-103,-1.393063981,0.846550107,
786-O,LDK-378,0.368413615,0.649548113,
786-O,Daporinad,4.605170186,-2.904325724,
786-O,GDC-0032,0.034538776,2.114686728,
786-O,GSK-1070916,1.024650366,1.211123109,
786-O,PFI-1,2.532843602,3.595747232,
786-O,BIX-01294,0.529594571,2.730128288,
786-O,AZD-8186,-1.646348341,2.586407423,
786-O,E-7820,2.4867919,2.265618086,
786-O,5-aza-T-dCyd,2.624947006,2.709192038,
786-O,AZD-6738,0.230258509,1.288398147,
786-O,LGK-974,4.605170186,4.349485874,
786-O,VE-822,-1.013137441,2.819336414,
786-O,PF-4989216,-0.782878932,2.270002365,
786-O,AM-5992,1.634835416,2.621728182,
786-O,Encorafenib,2.659485782,3.115803719,
786-O,Afuresertib,-2.406201422,3.221493006,
786-O,Defactinib,0.702288453,2.797843933,
786-O,EXEL-2280,-1.49668031,2.317960262,
786-O,ARRY-614,2.141404136,4.400618553,
786-O,GSK-2141795,-3.292696683,3.272888422,
786-O,Ombrabulin,-3.971959285,0.909308851,
786-O,Cobimetinib (isomer 1),3.304209608,0.38732776,
786-O,FH-535,1.105240845,1.700912833,
786-O,OTX-015,-0.184206807,1.699626327,
786-O,TAK-632,0.287823137,2.834145784,
786-O,VS-5584,-2.555869453,2.161289692,
786-O,LEE-011,2.440740199,3.349695921,
786-O,Osimertinib,0.333874838,1.948468328,
786-O,CEP-28122,0.679262602,1.10565269,
786-O,RG-7388,1.24339595,1.042936206,
786-O,CO-1686,0.449004093,1.128300309,
786-O,GNE-617,3.419338863,3.174749613,
786-O,PD183805,0.713801379,1.2613132,
786-O,spebrutinib,-0.115129255,1.447982907,
786-O,CP-724714,2.71705041,4.037806511,
786-O,PF-06463922,3.592032745,2.139201641,
786-O,SOMCL-12-81,-1.450628609,1.783875704,
786-O,selinexor,-2.555869453,1.532436848,
786-O,TAS-116,1.738451745,2.923663855,
786-O,dimethylfasudil,2.670998708,3.092043638,
786-O,AZD-6738,0.333874838,1.288398147,
786-O,"AZD-6738 ( R,S-isomer)",0.99011159,1.288398147,
786-O,SAR-260301 (enantiomer 1),1.162805472,3.771374226,
786-O,SAR-260301 (enantiomer 1),-0.449004093,3.771374226,
786-O,AZ-505,2.84369259,1.146690488,
786-O,MK-0731,-4.766351142,2.818104506,
786-O,maritoclax,0.552620422,2.67292738,
786-O,MI-773,1.450628609,2.268145323,
786-O,BAY-87-2243,2.601921155,2.952671051,
786-O,CEP-37440,0.391439466,1.652106285,
786-O,GDC-0994,3.453877639,3.078493357,
786-O,NMS-1286937,-0.851956484,1.95000875,
786-O,CUDC-427,3.338748385,3.514412403,
786-O,PF-03758309,-0.195719733,2.027122259,
786-O,AMG-232,3.027899397,2.344802618,
786-O,entosplenitib,2.694024559,2.493798971,
786-O,JNJ-42756493,1.059189143,2.560744524,
786-O,GSK-2606414,0.805904783,3.414639235,
786-O,LY-3009120,-0.207232658,1.283737302,
786-O,PTC-691,-3.22361913,2.984481812,
786-O,AZ-628,2.452253124,1.036723137,
786-O,Volitinib,4.605170186,2.417718172,
786-O,AMG-511,-3.96044636,3.036099672,
786-O,JNJ-54302833,2.348636795,2.322999001,
786-O,MG-132,-1.059189143,-1.365273356,
786-O,CX-5461,1.819042223,2.364189863,
786-O,PWT-33597,-1.47365446,1.352905154,
786-O,CH-5183284,2.23350754,3.124228716,
786-O,Defactinib,0.679262602,2.797843933,
786-O,E-3810,1.047676217,2.356720924,
786-O,cs-1730,-2.083839509,2.237142324,
786-O,CGM-097,1.047676217,1.852886677,
786-O,VS-4718,1.416089832,3.003984451,
786-O,E-7449,1.888119776,2.510126829,
786-O,JNJ-26483327,3.615058596,3.136265993,
786-O,JNJ-47117096,4.605170186,2.952721357,
786-O,VT-464,2.878231366,2.810466051,
786-O,Poziotinib,0.679262602,3.33052516,
786-O,SGI-1027,1.128266696,1.356000662,
786-O,CB-839,2.440740199,2.724777937,
786-O,pyridoclax,1.807529298,3.475267172,
786-O,Danusertib,0.944059888,2.497745752,
786-O,Altiratinib,1.381551056,2.500370502,
786-O,CCT-251545,2.670998708,3.301727533,
786-O,aldoxorubicin,-0.955572814,-1.576803803,
786-O,AZD-3147,-3.269670832,0.001919053,
786-O,A-1210477,0.921034037,3.81959796,
786-O,CPI-0610,2.394688497,2.62272191,
786-O,MLN-7243,-3.062438174,0.678397894,
786-O,PQR-309,-0.73682723,0.536866724,
786-O,EPZ-015666,2.532843602,3.908809185,
786-O,TAS-115,1.749964671,2.52489996,
786-O,Bet-BAY-002,0.046051702,2.359606504,
786-O,LOXO-101,4.605170186,2.386762857,
786-O,RX-3117,-0.322361913,-1.51567471,
786-O,BAY-1143572,0.161180957,2.905590296,
786-O,AZD-8835,1.128266696,2.129596472,
786-O,AZD-9496,2.659485782,3.571936607,
786-O,BAY-1161909,4.605170186,2.706594467,
786-O,BAY-1217389,0.046051702,2.198031664,
786-O,EGF-816,1.335499354,3.150309801,
786-O,MI-503,1.49668031,3.319033384,
786-O,AZD-3965,4.605170186,2.455957413,
786-O,azd5582,2.221994615,2.159496307,
786-O,AMG-319,2.659485782,4.182678223,
786-O,TAE-226,0.023025851,2.554058075,
786-O,GDC-0810,2.060813658,4.923398495,
786-O,brigatinib,0.115129255,0.800463378,
786-O,Sabutoclax,-0.99011159,-0.319202006,
786-O,gilteritinib,0.909521112,2.13491416,
786-O,OTS-964,-1.398820444,3.205508232,
786-O,UMI-77,2.993360621,2.648455858,
786-O,KU-55933,1.393063981,4.597537994,
786-O,AZD-3759,3.534468118,2.796108246,
786-O,Bafetinib,1.819042223,2.379306793,
786-O,sitravatinib,0.495055795,1.551161885,
786-O,PF-06747775,3.338748385,1.53940618,
786-O,A-911,-1.519706161,3.252300024,
786-O,napabucasin,-0.967085739,2.721918821,
786-O,GSK-295,-2.855205515,1.669193506,
786-O,LOR-253,-1.197344248,3.046273232,
786-O,ARV-825,-2.740076261,1.689783454,
786-O,CCT-271850,3.453877639,2.757429838,
786-O,LY-3154567,4.605170186,3.639509439,
786-O,Litronesib,-1.070702068,-0.543824673,
786-O,SW-044248,4.605170186,2.659660339,
786-O,ABL-001,2.71705041,2.063605547,
786-O,LY-3023414,-2.832179664,-0.628474414,
786-O,SB-202190,2.532843602,3.410029173,
786-O,EPZ-020411,4.605170186,2.616803408,
786-O,MGCD-265,0.552620422,2.496186733,
786-O,RG-7602,0.529594571,2.699407339,
786-O,Acalabrutinib,4.605170186,3.84736681,
786-O,SAR-245409,-0.667749677,3.153105021,
786-O,XL-147,1.819042223,2.553321362,
786-O,ARQ-092,-1.542732012,2.835966349,
786-O,GDC-0339,1.323986428,2.91373086,
786-O,APR-246,2.866718441,3.727372885,
786-O,PF-2771,-2.46376605,2.432578802,
786-O,Sapacitabine,2.325610944,0.257529497,
786-O,CFI-400945,0.828930633,2.121665239,
786-O,TAK-659 (isomer 1),1.842068074,3.267759085,
786-O,TAK-659 (isomer 1),1.393063981,3.267759085,
786-O,INCB-047775,-1.934171478,2.480493784,
786-O,olmutinib,0.73682723,2.919804573,
786-O,GSK-2194069,2.509817751,2.467722654,
786-O,AZD-0156,0.552620422,-0.904888034,
786-O,KPT-9274,3.695649074,2.432462931,
786-O,CC-223,-1.416089832,3.002742767,
786-O,GDC-0084,-1.070702068,1.980678916,
786-O,ARQ-087,0.575646273,2.64524579,
786-O,ABBV-075,-1.646348341,3.809233665,
786-O,RX-5902,-3.016386472,3.139067411,
786-O,BAY-876,1.335499354,2.313358068,
786-O,ensartinib,1.542732012,1.213054776,
786-O,CC-115,-2.141404136,2.538181067,
786-O,BGB-283,1.842068074,1.065306425,
786-O,BAY-1125976,0.207232658,2.068984747,
786-O,ASP-5878,0.552620422,2.80163312,
786-O,CNDAC,2.578895304,0.11312627,
786-O,CCT-245737,-0.391439466,1.091227889,
786-O,LGH-447,2.509817751,3.899481297,
786-O,PQR-620,-1.185831323,0.631428063,
786-O,KPT-8602,-0.886495261,1.962311864,
786-O,NTRC-0066-0,0.50656872,2.867549658,
786-O,BAY-1082439,-0.921034037,3.204036474,
786-O,AMG-51,0.425978242,3.844830513,
786-O,IPI-549,1.266421801,0.948433638,
786-O,M2698,-2.383175571,2.83254981,
786-O,serabelisib,2.670998708,2.20335269,
786-O,A-1331852,1.289447652,3.005586386,
786-O,WT-161,0.460517019,1.727505922,
786-O,ABC-1183,-0.633210901,4.079147816,
786-O,CEP-40783,4.605170186,2.398029566,
786-O,ulixertinib,1.036163292,2.474876881,
786-O,Selonsertib,2.832179664,1.8813591,
786-O,PLX-8394,1.853581,3.098148108,
786-O,Plinabulin,-4.605170186,-2.721976042,
786-O,Sulfatinib,1.49668031,3.117562532,
786-O,AZD-5153,-1.680887118,0.64321655,
786-O,TP-0903,-2.958821844,1.610608459,
786-O,BPTES,1.819042223,3.145302534,
786-O,EC-330,-4.236756571,2.316020727,
786-O,SAR-20347,0.782878932,1.967356086,
786-O,GS-9901,-1.013137441,3.645529032,
786-O,S-63845,1.373875772,1.527660251,
786-O,zanubrutinib,2.509817751,3.388355255,
786-O,GNE-140,1.865093925,2.938847303,
786-O,LXS-196,2.71705041,3.312669992,
786-O,umbralisib,2.555869453,3.407022476,
786-O,TPX-0005,-0.702288453,1.727532029,
786-O,BAY-1895344,-2.532843602,2.937310934,
786-O,GDC-0077,2.302585093,0.735807002,
786-O,CFI-402257,1.300960578,2.146369934,
786-O,milademetan,1.013137441,3.185563803,
786-O,BLU-285,1.151292546,2.641702652,
786-O,PRN-1371,0.276310211,2.089118004,
786-O,BMS-986158,-2.659485782,2.872195959,
786-O,TAK-931,1.082214994,3.117590904,
786-O,ON-123300,-0.368413615,3.354408979,
786-O,BAY-1251152,-3.108489876,2.571409225,
786-O,FT-1518,-1.439115683,2.591389894,
786-O,PQR-530,-1.703912969,0.514554799,
786-O,nedisertib,0.092103404,2.926466227,
786-O,MTX-211,-0.402952391,2.11225915,
786-O,BAY-1816032,0.575646273,3.34100771,
786-O,LY-3214996,2.682511633,2.820867062,
786-O,AZD-1390,2.555869453,0.510679007,
786-O,AMG-176,1.059189143,2.389639139,
786-O,SHP-099,2.118378286,2.660639286,
786-O,BAY-1163877,1.772990522,2.207802534,
786-O,HDM-201,4.21373072,0.824601889,
786-O,S-222611,0.414465317,2.180808544,
786-O,ASTX-660,3.868342956,2.513507366,
786-O,FGF-401,3.384800087,1.021178842,
786-O,TP-3654,0.667749677,2.551189423,
786-O,SEL-120,0.967085739,3.002389193,
786-O,IDF-11774,2.417714348,3.380932093,
786-O,CC-671,3.764726627,1.871188521,
786-O,CYC-065,-1.024650366,2.956269026,
786-O,E-7090,0.667749677,1.30382812,
786-O,PLX-51107,0.759853081,2.974893332,
786-O,RG-6016,4.605170186,3.264514446,
786-O,LXH-254,1.842068074,2.847944975,
786-O,AZD-5991,1.47365446,4.264449596,
786-O,INCB-057643,0.713801379,2.617749453,
786-O,JNJ-3887618,4.236756571,3.407160759,
786-O,PF-6459988,2.555869453,2.761555433,
786-O,RG-7741,-1.519706161,3.231970072,
786-O,AZD-0364,4.478528006,2.913694143,
786-O,CC-90003,-0.368413615,1.311625242,
786-O,RG-7112,1.174318397,2.876899481,
786-O,Copanlisib,-2.475278975,2.964470625,
786-O,BOS-172722,4.605170186,2.908433199,
786-O,LOXO-195,4.144653167,2.543674231,
786-O,S-64315,0.702288453,1.149381518,
786-O,IACS-10759,2.924283068,2.658156633,
786-O,BAY-2402234,-3.925907584,2.501219511,
786-O,PF-6459988,0.667749677,2.167418718,
786-O,CG-806,2.820666739,2.210535049,
786-O,BLU-667,0.299336062,2.35647893,
786-O,IACS-8968,3.499929341,2.231453419,
786-O,CH-7057288,0.529594571,3.436111927,
786-O,ARS-1620,2.440740199,3.187670231,
786-O,ABBV-744,0.138155106,3.049634933,
786-O,relacorilant,4.605170186,3.640961885,
786-O,AZD-4320,1.277934727,3.059403181,
786-O,TAS-6417,1.634835416,2.741957426,
786-O,PF-06873600,0.644723826,3.107876539,
786-O,IDH-305,3.753213702,1.487522006,
786-O,AZD-3229,3.661110298,3.192754269,
786-O,futibutinib,0.805904783,3.916913033,
786-O,Lapachone,0.690775528,2.199106216,
786-O,LSZ-102,2.325610944,2.734193087,
A-498,METHOTREXATE,1.326453484,2.059932947,
A-498,6-THIOGUANINE,1.913811778,4.211874485,
A-498,6-MERCAPTOPURINE,4.074105879,4.265041828,
A-498,Colchicine,-3.315722534,1.428315401,
A-498,Nitrogen mustard,1.812819021,5.388704777,
A-498,Allopurinol,5.439857282,4.720461369,
A-498,Actinomycin D,-6.075300281,-3.84055829,
A-498,malacid,2.59040823,4.558121204,
A-498,Chlorambucil,4.77204826,2.279653311,
A-498,Masoprocol,3.615058596,3.282602549,
A-498,Hydroxychloroquine Sulfate,4.605170186,3.973504782,
A-498,aloin,4.605170186,-0.018351786,
A-498,Noscapine,4.605170186,3.376375914,
A-498,Thiotepa,4.775691818,4.997060299,
A-498,Melphalan,4.560363125,2.607542515,
A-498,Triethylenemelamine,2.299024394,4.621470928,
A-498,Dromostanolone Propionate,3.327235459,4.437672138,
A-498,Acrichine,0.898008186,4.092803955,
A-498,Fluorouracil,2.368995498,4.616297722,
A-498,Methylprednisolone,4.605170186,4.454126835,
A-498,uridin,0.529594571,3.558073997,
A-498,Nandrolone phenpropionate,2.786127963,4.064937115,
A-498,TESTOLACTONE,5.851197662,4.782184124,
A-498,Mithramycin,-3.665374344,1.050357699,
A-498,Pipobroman,4.390901851,5.940513134,
A-498,Cyclophosphamide,5.47631488,5.147245884,
A-498,Mitomycin,-0.344006213,1.162375689,
A-498,Floxuridine,-0.291822363,4.666059017,
A-498,Hydroxyurea,6.505480119,2.019518137,
A-498,Curcumin,2.763102112,4.396105289,
A-498,Uracil mustard,4.239954606,4.016990662,
A-498,Chelerythrine,2.221994615,4.343181133,
A-498,Mitotane,3.004196315,3.726636648,
A-498,IDOXURIDINE,4.605170186,4.564834118,
A-498,DACARBAZINE,4.344800949,5.367007732,
A-498,Vinblastine,-6.091338695,-1.868539929,
A-498,Caffeic acid,4.605170186,4.62114048,
A-498,Acetalax,3.200593279,3.810926199,
A-498,3-Bromopyruvate (acid),4.605170186,5.876448631,
A-498,Ergosterol,4.443989229,3.99345994,
A-498,Cytarabine,2.822070754,2.132341862,
A-498,Vincristine,-2.658682555,-2.291832685,
A-498,Megestrol acetate,4.328859975,4.082362652,
A-498,tfdu,2.279559242,4.567780972,
A-498,Procarbazine,6.216979751,1.239329219,
A-498,Cyclobenzaprine Hydrochloride,2.763102112,4.603219509,
A-498,Lomustine,4.307113338,2.34510088,
A-498,Cortivazol,0.333874838,4.041351318,
A-498,Daunorubicin,-1.951262831,-0.112177603,
A-498,Daunorubicin,-1.634835416,-0.112177603,
A-498,Amiodarone hydrochloride,1.611809565,4.306130409,
A-498,STREPTOZOCIN,6.396581388,4.317190647,
A-498,Calusterone,3.327235459,4.468397141,
A-498,Estramustine,-1.192739078,3.842528582,
A-498,Vinblastine,-0.149668031,-1.903961182,
A-498,Fluphenazine,4.605170186,2.218147278,
A-498,Arsenic trioxide,2.855205515,4.256599426,
A-498,ergenyl,5.445613745,4.671452522,
A-498,CAMPTOTHECIN,-3.438527072,-2.001641035,
A-498,Camptothecin,-3.526792834,-2.000462294,
A-498,AZACITIDINE,-0.016629781,3.086233377,
A-498,Cladribine,1.400739265,5.744446278,
A-498,Mithramycin,16.90097458,4.114202499,
A-498,Asparaginase,13.11372267,4.114202499,
A-498,Ifosfamide,6.058868908,5.117770195,
A-498,Benzimate,4.605170186,4.159078121,
A-498,Acetylcysteine,8.289306335,10.24967384,
A-498,rifa,4.605170186,3.737752199,
A-498,Acetalax,3.292696683,3.810926199,
A-498,Fludarabine,4.605170186,5.178062916,
A-498,Cisplatin,2.016090371,3.601326227,
A-498,Isotretinoin,4.311590587,4.042145252,
A-498,Teniposide,-0.934465784,1.03234911,
A-498,Doxorubicin,-2.468417524,-0.112177603,
A-498,Fludarabine,4.098601466,5.178062916,
A-498,Bleomycin,1.205585079,3.56172061,
A-498,Paclitaxel,-2.736718324,-1.211544871,
A-498,DECITABINE,4.896133211,3.239598989,
A-498,melbex,4.605170186,1.739925027,
A-498,Mitomycin,4.098601466,1.170849323,
A-498,Bendamustine,3.488416416,3.790027142,
A-498,Etoposide,2.017722423,3.960087776,
A-498,M-AMSA,-0.909521112,3.609596252,
A-498,Homoharringtonine,-3.229375593,-1.714275479,
A-498,Mithramycin,5.326646848,1.050357699,
A-498,Ancitabine hydrochloride,2.609596439,2.974138498,
A-498,Tegafur,6.616792254,4.628182888,
A-498,M-AMSA,0.472029944,3.609596252,
A-498,M-AMSA,-1.439115683,3.609596252,
A-498,Parthenolide,1.952592159,3.518188238,
A-498,Ribavirin,4.605170186,4.920354843,
A-498,florid,-0.161180957,4.217156887,
A-498,Dexrazoxane,5.395724401,5.26739645,
A-498,Pimozide,2.164429987,3.469856024,
A-498,Tamoxifen,1.87564744,3.923691034,
A-498,Mebendazole,-1.11675377,4.523789883,
A-498,aclarubicin,-4.096408527,-0.253885508,
A-498,PENTOSTATIN,6.056496548,5.629989147,
A-498,WORTMANNIN,-0.552620422,3.142197847,
A-498,RAPAMYCIN,-5.001457199,-2.05448699,
A-498,Carboplatin,5.386364299,4.239539146,
A-498,Econazole nitrate,2.452253124,4.217156887,
A-498,Valrubicin,-1.396901623,-0.052447043,
A-498,M-AMSA,-1.189590645,3.609596252,
A-498,geldanamycin analog,1.205019532,-0.427479506,
A-498,Idarubicin,-4.344210542,-0.093972109,
A-498,Clotrimazole,3.031737039,4.1397295,
A-498,Elliptinium Acetate,3.96044636,4.266622066,
A-498,Oxaliplatin,1.581108431,4.576796055,
A-498,MITOXANTRONE,-2.187455838,1.587390304,
A-498,TRICIRIBINE PHOSPHATE,3.665427645,4.966465473,
A-498,benzaldehyde (BEN),0.621697975,4.43405056,
A-498,Cytarabine,2.4867919,2.132341862,
A-498,ciclosporin,1.60029664,4.3875103,
A-498,Mitoxantrone,-2.783825377,1.587390304,
A-498,AMONAFIDE,1.273506678,4.205554485,
A-498,Fludarabine,4.981807319,5.736940384,
A-498,Batracylin,3.766371331,5.458760738,
A-498,Buthionine sulphoximine,8.628553872,4.304542065,
A-498,Tanespimycin,1.18007486,-0.423157185,
A-498,tic10,1.972547896,1.670742869,
A-498,TRIMETREXATE GLUCURONATE,0.027089236,3.926073551,
A-498,8-Chloro-adenosine,1.504355594,5.802558422,
A-498,HYPOTHEMYCIN,1.680887118,2.90136838,
A-498,Fostamatinib,3.707162,4.478561401,
A-498,PYRAZOLOACRIDINE,-0.782878932,4.098227024,
A-498,Imiquimod,3.868342956,4.516020298,
A-498,FENRETINIDE,1.554244938,3.372606516,
A-498,DOLASTATIN 10,-6.81334929,4.493010521,
A-498,Carmustine,4.633031466,5.525308609,
A-498,Mithramycin,9.478975299,1.112729669,
A-498,Amphotericin B,2.348636795,-0.268404633,
A-498,timazid,4.194891388,4.66586256,
A-498,Zalcitabine,4.519974538,1.993362784,
A-498,Rapamycin,-4.605170186,0.009251572,
A-498,Clofarabine,-1.266421801,5.686646938,
A-498,Vinorelbine,-4.605170186,-1.648913741,
A-498,Topotecan,-2.384454785,0.801526845,
A-498,Gemcitabine,-2.351515026,-0.386152267,
A-498,"Bisacodyl, active ingredient of Viraplex",4.080180785,4.235701561,
A-498,Irinotecan,2.36014972,3.285157204,
A-498,Staurosporine,-5.535414564,-3.045810699,
A-498,Pyrazoloacridine,0.437491168,4.098227024,
A-498,Docetaxel,-2.582184711,-0.824403942,
A-498,Lapachone,1.692400043,4.585773945,
A-498,Depsipeptide,-7.406648716,-4.775272846,
A-498,Lovastatin,0.184206807,4.080136776,
A-498,Simvastatin,-0.115129255,4.080136776,
A-498,O-6-Benzylguanine,3.384800087,5.523377895,
A-498,7-Hydroxystaurosporine,-1.070702068,3.538682699,
A-498,7-Hydroxystaurosporine,-4.576387872,-3.088031292,
A-498,Raltitrexed,4.605170186,1.910925865,
A-498,Perifosine,1.166643114,5.604828835,
A-498,Alvocidib,-2.957177141,-0.027105115,
A-498,Midostaurin,5.871591987,0.856066406,
A-498,XK-469,4.127383779,4.456483364,
A-498,Triapine,-0.48354287,-0.829203188,
A-498,Artemether,4.605170186,4.338861465,
A-498,7-Ethyl-10-hydroxycamptothecin,-4.179191944,-2.47134757,
A-498,Okadaic acid,-4.605170186,2.836369753,
A-498,leflunomide,2.302585093,5.167068005,
A-498,Bortezomib,-6.263031453,-4.503859043,
A-498,Irofulven,-1.72693882,3.717956781,
A-498,Temsirolimus,-3.315722534,-0.022766374,
A-498,Epothilone B,-9.210340372,-2.173238993,
A-498,AMINOFLAVONE,-1.007380978,4.631073475,
A-498,norvir,2.947308919,2.75232625,
A-498,BN-2629,-4.415206916,3.740797758,
A-498,LY-294002,0.898008186,2.844531298,
A-498,RH1,-3.070113457,0.628684759,
A-498,Nitazoxanide,4.029523913,4.532382965,
A-498,XK-469,4.386424602,4.456483364,
A-498,5-Fluoro deoxy uridine 10mer,-5.295945714,4.811353207,
A-498,Denileukin Diftitox Ontak,-5.20384231,4.114202499,
A-498,Pemetrexed,-1.312473503,4.854977131,
A-498,XK-469,4.605170186,4.456483364,
A-498,Seliciclib,3.407825938,4.301582813,
A-498,Vorinostat,0.310848988,1.519560933,
A-498,Estramustine,2.774615037,4.038070679,
A-498,Arsenic trioxide,1.565757863,4.114202499,
A-498,Entinostat,-0.840443559,2.017728806,
A-498,Eribulin mesilate,-7.326058238,4.197841167,
A-498,Alvespimycin,2.584651767,-0.414462805,
A-498,AR-67,-3.856830031,-1.715819478,
A-498,Karenitecin,-4.605170186,-2.327471018,
A-498,PX-316,4.605170186,6.831728458,
A-498,AFP464,-2.924283068,4.504075527,
A-498,Artesunate,3.292696683,4.485676765,
A-498,Rebimastat,4.605170186,7.678409576,
A-498,Imexon,5.019635503,4.186347008,
A-498,Gefitinib,-0.944059888,2.827082872,
A-498,Erlotinib,0.782878932,2.817285299,
A-498,E-7820,0.276310211,5.141504288,
A-498,Fulvestrant,4.605170186,4.105005741,
A-498,Celecoxib,2.889744292,3.600368977,
A-498,claritin,-0.161180957,4.096495152,
A-498,Zoledronate,4.144653167,3.658516169,
A-498,Sonolisib,-2.855205515,-0.217034221,
A-498,LMP-400,2.026274882,0.404318601,
A-498,LMP776,-3.891368807,0.384475708,
A-498,Belinostat,-1.185831323,1.744493246,
A-498,Ofloxacin,4.605170186,4.398558617,
A-498,Lapatinib,0.690775528,2.891788721,
A-498,Irinotecan,-1.60029664,3.285157204,
A-498,Lificguat,-3.108489876,3.993201971,
A-498,SR16157,0.37992654,4.355721951,
A-498,Dasatinib,-3.484578774,1.15373373,
A-498,Everolimus,-4.605170186,0.044380225,
A-498,DMAPT,3.246644981,2.518671513,
A-498,Pazopanib,1.297122936,3.989074707,
A-498,Selumetinib,-1.834392791,3.46501708,
A-498,BML-277,2.954984203,4.280108929,
A-498,Imatinib,3.031737039,3.293250799,
A-498,Obatoclax,-1.686643581,3.879436731,
A-498,Lapatinib,1.298657992,2.891788721,
A-498,Nelfinavir,1.450628609,2.582792997,
A-498,Nilotinib,1.416089832,3.132871389,
A-498,Olaparib,2.947308919,4.883169174,
A-498,Ixabepilone,-7.652257792,-2.22093749,
A-498,Raloxifene,2.452253124,4.587581158,
A-498,Abiraterone,3.327235459,4.137040615,
A-498,Abiraterone,2.348636795,0.287845254,
A-498,AT-13387,2.337123869,2.954299927,
A-498,Sunitinib,1.001624515,4.385302544,
A-498,Afatinib,-1.865093925,1.126790166,
A-498,Y-27632,4.605170186,4.079346657,
A-498,salinomycin,-3.085464025,-0.577707469,
A-498,Iniparib,4.363398751,3.402118444,
A-498,Pazopanib,-0.99011159,3.989074707,
A-498,Veliparib,4.478528006,5.161653996,
A-498,Olaparib,4.018010987,4.883169174,
A-498,Depsipeptide,-4.605170186,-4.775272846,
A-498,pralatrexate,4.44089E-16,1.599215746,
A-498,Rigosertib,-3.108489876,3.461344481,
A-498,JNJ-28312141,2.268046317,4.548788548,
A-498,AMG-458,1.485167385,3.864226103,
A-498,PF-03084014 diastereomer 1,1.347012279,3.721249342,
A-498,Amuvatinib,1.485167385,3.670467377,
A-498,CB-64D,1.98022318,3.650697231,
A-498,XL-147,1.047676217,3.478645086,
A-498,Adavosertib,-3.442364714,1.001744747,
A-498,Buparlisib,-1.588783714,0.797773182,
A-498,GSK-461364,-2.786127963,0.183803737,
A-498,PF-562271,0.851956484,3.079131365,
A-498,RAF-265,-3.522955192,3.881937504,
A-498,AEG-40730,0.034538776,2.370352745,
A-498,MI-219,1.485167385,2.986103296,
A-498,Astex FGF inhibitor,-1.231883025,3.482377768,
A-498,SB-590885,2.175942913,4.582522869,
A-498,XR-11576,-2.532843602,4.445726871,
A-498,XR-5944,-4.605170186,4.270390987,
A-498,Itraconazole,2.371662646,2.008454084,
A-498,Pemetrexed,-2.083839509,4.558267117,
A-498,Pictilisib,-2.774615037,0.153027654,
A-498,Ispinesib,-4.605170186,0.736224651,
A-498,Sepantronium bromide,-2.314098018,-2.398722887,
A-498,Bosutinib,-0.103616329,2.428979635,
A-498,Masitinib,2.774615037,4.856545925,
A-498,Enzalutamide,3.557493969,2.88710928,
A-498,Cediranib,-2.049300733,2.361700773,
A-498,XAV-939,3.131515726,5.095013142,
A-498,Luminespib,-3.177567428,-0.721297383,
A-498,Pimasertib,-3.22361913,1.521043062,
A-498,GW-5074,3.004873546,4.024636269,
A-498,H-89,2.175942913,4.662209511,
A-498,LY-294002,0.414465317,2.844531298,
A-498,PD-0325901,-4.605170186,0.87676096,
A-498,"1,9-Pyrazoleanthrone",1.60029664,4.790765285,
A-498,Foretinib,-3.073951099,1.009874821,
A-498,XL-147,1.588783714,3.478645086,
A-498,Vismodegib,1.450628609,4.863519192,
A-498,Actinomycin D,-4.536092633,-4.176970005,
A-498,Amphotericin B,2.4867919,-0.268404633,
A-498,Mitomycin,-1.462141534,1.162375689,
A-498,Hydrastinine HCl,3.131515726,4.023695469,
A-498,PF-03084014 diastereomer 1,2.003249031,3.721249342,
A-498,Lenvatinib,1.531219087,3.3401649,
A-498,BI-2536,-3.707162,0.712239087,
A-498,Pralatrexate,4.064062689,3.949480772,
A-498,Nelarabine,4.605170186,6.270427704,
A-498,ICG-001,0.322361913,3.76113677,
A-498,Entinostat,-1.013137441,2.017728806,
A-498,KX-01,-3.707162,4.049341679,
A-498,Crizotinib,0.260959644,2.884459257,
A-498,IWR-1,2.670998708,4.768340588,
A-498,Quizartinib,2.624947006,2.452577353,
A-498,AZD-1480,0.61018505,1.689200759,
A-498,Linsitinib,1.197344248,3.777535677,
A-498,ZM-336372,4.236756571,3.66112113,
A-498,MK-2206,-3.192917996,2.2572124,
A-498,OSU-03012,0.621697975,3.445594788,
A-498,Intedanib,-0.48354287,4.329409122,
A-498,Quercetin,1.105240845,4.447444916,
A-498,sr 13654,1.698156506,4.431423187,
A-498,Obatoclax,-1.323986428,3.879436731,
A-498,COLCHICINE,-4.605170186,1.428315401,
A-498,DAUNORUBICIN,-1.98022318,-0.112177603,
A-498,DIGOXIN,-2.279559242,3.965188265,
A-498,(-)-Nutlin-3,1.842068074,4.008252144,
A-498,1st Precursor Intermediate to TDP 665759,4.605170186,4.007219791,
A-498,Lificguat,-2.394688497,3.993201971,
A-498,ETHINYL ESTRADIOL,1.519706161,3.788248539,
A-498,Fluorouracil,1.565757863,4.616297722,
A-498,badil,-1.934171478,4.59435606,
A-498,Nitrogen mustard,0.840443559,5.388704777,
A-498,Melphalan,3.499929341,2.607542515,
A-498,AZD-7762,-3.258157907,0.497257143,
A-498,Volasertib,-3.384800087,0.575651944,
A-498,malacid,3.177567428,4.558121204,
A-498,Cpd-401,-0.314686629,3.576139212,
A-498,6-Thioguanine,0.564133348,5.699733257,
A-498,TYROTHRICIN,-1.37003813,3.628978014,
A-498,Vinblastine,-5.20384231,-1.868539929,
A-498,pentamidine isethionate,1.98022318,4.555699825,
A-498,melbex,-0.86346941,1.739925027,
A-498,OUABAIN,-3.246644981,3.988585711,
A-498,Cabozantinib,-0.184206807,3.063135386,
A-498,Salinomycin,-2.866718441,-0.577707469,
A-498,PLX-4720,1.640591879,4.911826134,
A-498,Neratinib,-2.083839509,3.600064993,
A-498,Deforolimius,-4.605170186,-2.180403471,
A-498,Axitinib,-1.001624515,3.598125935,
A-498,Intedanib,-0.50656872,4.329409122,
A-498,Barasertib,3.177567428,2.82960391,
A-498,Etoposide,-0.50656872,3.960087776,
A-498,Mebendazole,-1.162805472,4.523789883,
A-498,Econazole Nitrate,0.195719733,4.217156887,
A-498,Sapitinib,0.103616329,2.590458632,
A-498,Tivozanib,-0.633210901,0.318751842,
A-498,MONENSIN SODIUM,-4.156166093,3.579841375,
A-498,Azacitidine,0.345387764,3.086233377,
A-498,Floxuridine,-3.649597372,4.666059017,
A-498,Tivantinib,-1.226126562,4.774149418,
A-498,BMS-754807,-0.080590478,2.339306593,
A-498,tepotinib,1.968710255,3.794605494,
A-498,ENMD-2076,-0.552620422,3.330741167,
A-498,Trametinib,-4.605170186,-0.466156006,
A-498,Palbociclib,1.542732012,3.765446424,
A-498,RO-5126766,-3.166054503,4.711155415,
A-498,Pracinostat,-1.646348341,4.479628563,
A-498,SNS-314,0.921034037,3.161138058,
A-498,Amonafide,1.128266696,4.205554485,
A-498,Carfilzomib,-3.787752478,2.596162319,
A-498,Homoharringtonine,-4.052549764,-1.714275479,
A-498,Ixazomib citrate,-3.361774236,-1.523355603,
A-498,Teniposide,-1.254908876,1.03234911,
A-498,PKI-587,-3.925907584,3.271536589,
A-498,LY-2606368,-4.850779263,3.159537077,
A-498,M-AMSA,-1.991736105,4.245699406,
A-498,Ezatiostat,2.694024559,1.206077695,
A-498,BX-912,0.414465317,4.996477127,
A-498,HPI-1,2.302585093,0.932986557,
A-498,Ponatinib,-1.205019532,1.564132333,
A-498,Lexibulin,-3.430851789,3.356229544,
A-498,Indibulin,-1.427602758,4.960052013,
A-498,SGX-523,3.143028652,4.57263422,
A-498,Bleomycin,2.187455838,3.56755352,
A-498,Paclitaxel,-4.202217795,-1.211544871,
A-498,Lovastatin,-1.266421801,4.080136776,
A-498,Rapamycin,-5.295945714,-2.05448699,
A-498,Teniposide,-2.763102112,1.03234911,
A-498,ANCITABINE HYDROCHLORIDE,4.605170186,2.974138498,
A-498,ARTENIMOL,1.059189143,4.216037273,
A-498,Simvastatin,-1.865093925,4.080136776,
A-498,Varbulin,-4.605170186,4.20033741,
A-498,Belinostat,-1.300960578,1.744493246,
A-498,AZD-8055,-4.605170186,0.068158932,
A-498,Saracatinib,-0.633210901,2.266839266,
A-498,ABT-737,-2.337123869,1.985395551,
A-498,Fluvastatin,-1.749964671,4.555953979,
A-498,ENMD-2076 Precursor,-0.356900689,4.118682384,
A-498,JNJ-38877605,3.200593279,3.771434784,
A-498,Triapine,-0.805904783,-0.829203188,
A-498,Doxorubicin,-3.039412323,-0.112177603,
A-498,Vincristine,-4.397937528,-2.291832685,
A-498,Pipamperone,1.001624515,3.490988493,
A-498,Epirubicin,-2.003249031,-0.112177603,
A-498,Idelalisib,0.069077553,5.317143917,
A-498,IDEBENONE,2.578895304,3.40933156,
A-498,Topotecan,-3.891368807,0.801526845,
A-498,ARSENIC TRIOXIDE,-2.440740199,4.256599426,
A-498,CYC-116,-0.322361913,4.708977222,
A-498,Quisinostat,-4.589819619,3.58088851,
A-498,6-(4-pyrimidinyl)-1H-indazole derivative,-1.404576907,4.655305862,
A-498,Navitoclax,-3.96044636,2.007573605,
A-498,OSI-027,-2.694024559,1.914402127,
A-498,Dovitinib,-1.49668031,3.889764547,
A-498,KW-2449,1.427602758,4.336879253,
A-498,PI-103,0.679262602,3.414381266,
A-498,Alisertib,-1.565757863,2.932615519,
A-498,artesunate,1.772990522,4.485676765,
A-498,Docetaxel,-3.085464025,-0.824403942,
A-498,Vorinostat,-0.207232658,1.519560933,
A-498,Gefitinib,-0.518081646,2.827082872,
A-498,Clofarabine,-0.391439466,5.686646938,
A-498,Dasatinib,-3.511442267,1.15373373,
A-498,Irinotecan,0.886495261,3.285157204,
A-498,4SC-202,-1.266421801,4.141842842,
A-498,nitazoxanide,-1.404576907,4.532382965,
A-498,VINORELBINE,-4.156166093,-1.66142571,
A-498,(+)-JQ1,-2.786127963,2.234308481,
A-498,Fenretinide,0.667749677,3.372606516,
A-498,Daporinad,4.605170186,-1.518965125,
A-498,Copanlisib,-3.868342956,4.594446182,
A-498,Tipifarnib,-0.115129255,3.798985958,
A-498,PF-04691502,-3.661110298,4.18492651,
A-498,Voreloxin,-1.300960578,4.505668163,
A-498,BMS-690514,0.115129255,3.886185408,
A-498,Vandetanib,-0.921034037,3.222165108,
A-498,Tandutinib,2.555869453,3.559137583,
A-498,Motesanib,1.611809565,5.56357336,
A-498,Cabozantinib,-0.840443559,3.788867235,
A-498,VE-821,1.013137441,4.471574783,
A-498,Rabusertib,-2.406201422,3.396297932,
A-498,Teglarinad,0.241771435,2.835426092,
A-498,Panobinostat,-4.605170186,-1.787911534,
A-498,brigatinib,-1.749964671,3.075026989,
A-498,Pevonedistat,-2.095352435,1.374128342,
A-498,Silmitasertib,-1.462141534,2.713100195,
A-498,CUDC-305,0.37992654,4.086787224,
A-498,TAK-733,-4.605170186,0.665560663,
A-498,Avagacestat,1.151292546,4.796489239,
A-498,Sonidegib,0.690775528,3.588772535,
A-498,Sonidegib,0.713801379,3.588772535,
A-498,CCT-128930,-1.565757863,2.5531528,
A-498,Vemurafenib,0.544945139,4.88213253,
A-498,SCH-1473759,-4.605170186,4.062805653,
A-498,MK-8033,2.302585093,4.487174511,
A-498,Vertex ATR inhibitor Cpd 45,0.805904783,4.447273254,
A-498,TAK-960 analog,-2.636459931,4.33727026,
A-498,BMS-536924,-1.059189143,1.886318326,
A-498,ITRI-260,0.621697975,3.24748826,
A-498,Ibrutinib,-2.095352435,3.888264894,
A-498,KHK-Indazole,0.356900689,4.65296793,
A-498,TAK-901,-2.083839509,3.018614292,
A-498,ONX-0914,-1.49668031,2.417021513,
A-498,ST-3595,0.333874838,0.537151575,
A-498,Des-fluoro-TAK-960,-3.569006894,4.209487438,
A-498,CH-5132799,-2.302585093,4.225800991,
A-498,TAK Plk inhibitor,-1.462141534,4.442450523,
A-498,CT-32228,-3.430851789,3.936240911,
A-498,RO-4987655,-4.605170186,0.968397975,
A-498,SB-1317,-3.338748385,3.254759073,
A-498,MK-0752,3.707162,3.736109972,
A-498,PF-477736,-2.912770143,4.068761349,
A-498,Pluripotin,-4.098601466,4.077868938,
A-498,Crenolanib,1.611809565,3.271572828,
A-498,JZL-195,3.131515726,3.181162834,
A-498,EMD-534085,-1.634835416,3.257842064,
A-498,AT-13387,-0.414465317,2.954299927,
A-498,LOR-253,-1.335499354,5.125854969,
A-498,AS-703569,-4.455502155,3.949673414,
A-498,PF-04217903,3.522955192,2.875727892,
A-498,Dinaciclib,-4.605170186,-2.049304247,
A-498,AZD-5363,-2.003249031,2.612998486,
A-498,Alectinib,-0.207232658,4.268702984,
A-498,TAE-684,-1.335499354,1.150371671,
A-498,ARRY-162,-3.453877639,3.501207113,
A-498,(+)-JQ1,-1.312473503,2.234308481,
A-498,BMS-777607,0.460517019,3.816605806,
A-498,Apitolisib,-3.557493969,1.140112281,
A-498,GSK-2126458,-4.605170186,-0.922435999,
A-498,BMS-599626,0.011512925,3.670958996,
A-498,Abexinostat,-2.072326584,3.748452902,
A-498,6-Bromoindirubin-3'-Acetoxime,-1.680887118,3.688768148,
A-498,AZD-4547,-4.536092633,3.428136349,
A-498,delanzomib,-4.956314413,1.548968911,
A-498,Brivanib,0.368413615,2.409867525,
A-498,NVP-BGJ398,-4.478528006,3.459728479,
A-498,Pp-242,-3.937420509,3.826626301,
A-498,ZSTK-474,-3.83380418,2.275218725,
A-498,UNC-0638,0.437491168,4.51303339,
A-498,MK-2461,-1.772990522,4.39068222,
A-498,ARRY-380,1.404576907,3.582888842,
A-498,10058-F4,0.99011159,3.770161867,
A-498,BAL-101553,-4.179191944,4.488486767,
A-498,INK-128,-4.605170186,3.468775034,
A-498,SCH-900776,-1.588783714,3.251437902,
A-498,SM-406,2.901257217,2.570029497,
A-498,ONX-0801,1.289447652,4.11928463,
A-498,ARQ-680,1.911145627,4.331418991,
A-498,Gandotinib,-1.24339595,3.885654211,
A-498,Alectinib,-0.149668031,4.268702984,
A-498,Varlitinib,-1.082214994,2.660842657,
A-498,MPC-3100,1.197344248,4.834953785,
A-498,BMN-673,1.611809565,3.959156752,
A-498,Ganetespib,-2.924283068,3.519171953,
A-498,YK-4-279,-0.518081646,2.598203659,
A-498,S-49076,3.016386472,4.212491989,
A-498,Bosutinib,-0.529594571,2.492156506,
A-498,PD 184352,-2.751589186,2.525119781,
A-498,Gemcitabine elaidate,-3.822291254,-0.215382338,
A-498,AZD-3514,1.934171478,3.338186741,
A-498,ASP-3026,0.840443559,1.104278922,
A-498,Refametinib,2.256533391,1.485722423,
A-498,Dacomitinib,-0.207232658,2.451533318,
A-498,ABT-348,-2.095352435,3.125749826,
A-498,GDC-0152,2.97033477,4.029392242,
A-498,AEE-788,-0.057564627,3.590218306,
A-498,BYL-719,0.299336062,3.005549908,
A-498,Teriflunomide,0.299336062,4.505342007,
A-498,CT-GSK183,3.684136149,3.852082014,
A-498,ABT-199,0.449004093,2.622109175,
A-498,PHA-665752,2.855205515,2.775924683,
A-498,LY-2228820,1.174318397,4.22398138,
A-498,BMS-911543,0.805904783,3.25453496,
A-498,CEP-14083,-0.633210901,4.755452633,
A-498,MLN-2480,2.072326584,3.841643333,
A-498,Ixazomib,-4.144653167,-2.409719944,
A-498,PD 173074,-3.879855882,3.812785387,
A-498,GSK-690693,-3.062438174,5.3891325,
A-498,BAY 61-3606,-0.782878932,4.35453558,
A-498,AEW-541,0.552620422,3.298910379,
A-498,BMS-387032,-1.508193236,4.03750658,
A-498,Saridegib,2.59040823,4.866364956,
A-498,BMN-673,3.354098952,3.959156752,
A-498,Birinapant,4.605170186,4.675899982,
A-498,AZD-2014,-4.259782422,1.503857136,
A-498,MLN-0905,-3.822291254,3.667894125,
A-498,Momelotinib,0.656236752,3.371150255,
A-498,I-BET-151,0.449004093,1.591684222,
A-498,Fedratinib,-0.161180957,4.096363068,
A-498,VX-944,-1.98022318,3.573573112,
A-498,Pelitrexol,-2.820666739,3.858726501,
A-498,ADW-742,0.541107497,3.298910379,
A-498,BPR1J-097,-0.679262602,4.884966373,
A-498,Ipatasertib,-1.427602758,2.652157068,
A-498,GSK-1904529A,4.605170186,3.85701251,
A-498,Rocilinostat,0.851956484,2.822016001,
A-498,R-1530,-1.082214994,4.377527237,
A-498,EMD-1204831,4.098601466,4.040323734,
A-498,Cobimetinib (isomer 1),-3.948933434,1.526085258,
A-498,Cobimetinib (isomer 1),0.103616329,1.526085258,
A-498,enantiomer of PF-4176340,-1.404576907,3.089649916,
A-498,TAK-960,-3.937420509,4.465605259,
A-498,LY-2835219,0.046051702,3.358187199,
A-498,SAR-245409,1.98022318,3.765768766,
A-498,SAR-402674,-3.948933434,3.904253721,
A-498,GSK-2636771,-3.384800087,3.982679129,
A-498,SNX-5422,-1.197344248,2.414563417,
A-498,IDH1-Comp 301,3.937420509,4.676165104,
A-498,CEP-9722,0.368413615,4.226274014,
A-498,RG-7112,-0.414465317,3.625727892,
A-498,GDC-0349,-4.121627316,4.466458321,
A-498,ARQ-621,-0.472029944,-0.107979797,
A-498,AT-13148,-1.197344248,3.742773771,
A-498,VX-322,0.575646273,3.491933584,
A-498,LY-2874455,-4.605170186,3.755594492,
A-498,Lestaurtinib,-4.21373072,-0.164226979,
A-498,LY-2801653,-0.909521112,3.878763914,
A-498,LY-2090314,-4.57063141,4.597839355,
A-498,ARRY-520 Isomer A,-4.605170186,-0.145452917,
A-498,ARRY-520 Isomer A,-3.09697695,-0.145452917,
A-498,Pelitrexol isomer A,-1.623322491,3.858726501,
A-498,Pelitrexol isomer B,-2.36014972,3.858726501,
A-498,XL-888,-2.268046317,3.473984957,
A-498,IPI-145,-3.016386472,4.568222523,
A-498,ARRY-704,-4.57063141,-0.342546046,
A-498,IDH-C227,3.200593279,4.828439236,
A-498,KPT-185,-4.236756571,4.361271381,
A-498,LCL-161,1.888119776,4.285718441,
A-498,PF-4942847,-1.347012279,2.880119085,
A-498,XL-019,1.312473503,1.597838044,
A-498,PKM2 (9),3.131515726,4.202802181,
A-498,Fostamatinib,-1.634835416,2.349488497,
A-498,R-547,-0.184206807,3.910408258,
A-498,KPT-251,-4.351885826,3.361243248,
A-498,GSK-921,-4.605170186,1.067211747,
A-498,VX-689,-0.25328436,4.010077953,
A-498,Bafetinib,1.277934727,3.281682491,
A-498,R-306465,-3.569006894,4.389747143,
A-498,B-7100,-0.391439466,3.77722621,
A-498,AT-7519,-0.587159199,3.503046751,
A-498,Cilengitide,-1.703912969,4.772533417,
A-498,NMS-E628,-0.161180957,4.391725063,
A-498,I-BET-762,0.967085739,3.139581442,
A-498,Milciclib,-3.661110298,3.596294165,
A-498,Rebastinib,-0.587159199,4.699390888,
A-498,AZD-2858,-1.151292546,4.395835876,
A-498,P-529,2.878231366,4.359645367,
A-498,SCH-772984,-2.555869453,2.353915691,
A-498,AMD-070,0.782878932,4.392629147,
A-498,BMS-863233,0.564133348,3.657226324,
A-498,Telatinib,1.24339595,3.233542204,
A-498,CEP-32496,-1.139779621,2.435530901,
A-498,AZD-1208,0.402952391,4.766354084,
A-498,LDK-378,0.241771435,2.383540869,
A-498,EXEL-7647,-1.680887118,2.78596282,
A-498,AZD-3463,-2.10686536,3.70337224,
A-498,MK-0429,-4.455502155,3.799846172,
A-498,PI-103,-2.187455838,3.414381266,
A-498,LDK-378,0.069077553,2.383540869,
A-498,Daporinad,2.670998708,-1.518965125,
A-498,GDC-0032,-1.945684404,0.75548929,
A-498,GSK-1070916,-2.705537484,4.337675571,
A-498,PFI-1,0.161180957,4.404934883,
A-498,BIX-01294,-0.921034037,3.842370272,
A-498,AZD-8186,-4.605170186,2.200769901,
A-498,E-7820,-2.406201422,5.141504288,
A-498,5-aza-T-dCyd,0.690775528,3.356840372,
A-498,AZD-6738,-1.934171478,2.398650885,
A-498,LGK-974,1.036163292,3.843120337,
A-498,VE-822,-2.659485782,3.527029753,
A-498,PF-4989216,-3.799265403,4.27703619,
A-498,AM-5992,-1.013137441,3.432201862,
A-498,Encorafenib,-1.093727919,4.01741457,
A-498,Afuresertib,-2.256533391,2.21317625,
A-498,Defactinib,0.322361913,4.378824711,
A-498,EXEL-2280,-4.582144335,4.030893803,
A-498,ARRY-614,0.391439466,4.696796894,
A-498,GSK-2141795,-3.499929341,2.100288153,
A-498,Ombrabulin,-4.605170186,2.654861212,
A-498,Cobimetinib (isomer 1),-4.605170186,1.204127789,
A-498,FH-535,0.356900689,3.142242908,
A-498,OTX-015,-1.588783714,2.305975199,
A-498,TAK-632,-1.49668031,4.612879753,
A-498,VS-5584,-4.605170186,3.804718733,
A-498,LEE-011,2.46376605,3.797571659,
A-498,Osimertinib,0.103616329,1.517031312,
A-498,CEP-28122,0.322361913,4.095636845,
A-498,RG-7388,-2.026274882,3.544461966,
A-498,CO-1686,-0.218745584,2.526904345,
A-498,GNE-617,3.35026131,4.014610767,
A-498,PD183805,-1.036163292,2.511456966,
A-498,spebrutinib,-1.174318397,1.935093164,
A-498,CP-724714,1.427602758,4.82477808,
A-498,PF-06463922,-0.794391857,3.029159307,
A-498,SOMCL-12-81,-3.718674925,3.177879333,
A-498,selinexor,-3.822291254,2.98786664,
A-498,TAS-116,1.611809565,3.805046082,
A-498,dimethylfasudil,0.48354287,3.981638193,
A-498,AZD-6738,-0.840443559,2.398650885,
A-498,"AZD-6738 ( R,S-isomer)",-0.322361913,2.398650885,
A-498,SAR-260301 (enantiomer 1),-2.371662646,4.188328743,
A-498,SAR-260301 (enantiomer 1),-3.649597372,4.188328743,
A-498,AZ-505,2.636459931,2.899491072,
A-498,MK-0731,-4.236756571,4.033660889,
A-498,maritoclax,-1.105240845,4.473348141,
A-498,MI-773,0.092103404,3.045582533,
A-498,BAY-87-2243,-0.73682723,4.21968174,
A-498,CEP-37440,0.322361913,3.551314592,
A-498,GDC-0994,0.069077553,4.164346218,
A-498,NMS-1286937,-3.062438174,3.195379496,
A-498,CUDC-427,3.281183758,4.357890129,
A-498,PF-03758309,0.241771435,3.558652163,
A-498,AMG-232,-0.621697975,3.68992734,
A-498,entosplenitib,2.4867919,3.563370943,
A-498,JNJ-42756493,-4.605170186,3.84696126,
A-498,GSK-2606414,-0.782878932,3.521970034,
A-498,LY-3009120,-1.899632702,2.746145487,
A-498,PTC-691,-3.626571521,3.801021576,
A-498,AZ-628,-0.299336062,2.701789379,
A-498,Volitinib,4.282808273,2.842079878,
A-498,AMG-511,-4.605170186,3.835354567,
A-498,JNJ-54302833,0.759853081,4.276555538,
A-498,MG-132,-0.851956484,-1.218672156,
A-498,CX-5461,2.509817751,5.82385397,
A-498,PWT-33597,-3.396313012,2.549307108,
A-498,CH-5183284,-0.690775528,4.937289715,
A-498,Defactinib,0.460517019,4.378824711,
A-498,E-3810,-1.784503447,2.997157335,
A-498,cs-1730,-2.71705041,3.958987951,
A-498,CGM-097,0.310848988,2.976227045,
A-498,VS-4718,0.817417708,3.679563284,
A-498,E-7449,1.542732012,3.606529474,
A-498,JNJ-26483327,0.299336062,4.419592381,
A-498,JNJ-47117096,2.509817751,3.804852486,
A-498,VT-464,2.670998708,3.989660501,
A-498,Poziotinib,-1.013137441,2.685997486,
A-498,SGI-1027,1.634835416,3.467316866,
A-498,pyridoclax,0.840443559,5.105944157,
A-498,Danusertib,-2.670998708,4.977997303,
A-498,Altiratinib,0.874982335,4.024905682,
A-498,CCT-251545,2.647972857,3.781382561,
A-498,aldoxorubicin,-1.024650366,-0.252062291,
A-498,AZD-3147,-4.605170186,0.747436821,
A-498,A-1210477,0.828930633,4.198786259,
A-498,CPI-0610,-1.450628609,4.833040714,
A-498,MLN-7243,-4.351885826,1.712367654,
A-498,PQR-309,-1.957197329,0.541749537,
A-498,TAS-115,0.092103404,3.10234046,
A-498,Bet-BAY-002,-0.345387764,3.591048479,
A-498,LOXO-101,4.605170186,3.631581545,
A-498,BAY-1143572,-0.851956484,3.86003232,
A-498,AZD-8835,-0.48354287,2.750071764,
A-498,AZD-9496,2.175942913,3.916775703,
A-498,BAY-1161909,4.605170186,3.537342787,
A-498,BAY-1217389,-2.797640888,3.493597031,
A-498,EGF-816,-0.667749677,3.706395864,
A-498,MI-503,2.406201422,4.20867157,
A-498,AZD-3965,3.845317105,4.294003487,
A-498,azd5582,2.164429987,2.686044455,
A-498,AMG-319,0.023025851,5.023132801,
A-498,TAE-226,-0.725314304,3.675650358,
A-498,GDC-0810,1.565757863,4.962948322,
A-498,brigatinib,-1.185831323,2.184097528,
A-498,Sabutoclax,-1.151292546,0.097491331,
A-498,gilteritinib,-0.046051702,3.706587553,
A-498,OTS-964,-1.329742891,4.00465107,
A-498,UMI-77,2.912770143,3.108406067,
A-498,KU-55933,-1.128266696,5.020642757,
A-498,AZD-3759,1.231883025,2.287026882,
A-498,Bafetinib,2.498304826,3.56898284,
A-498,sitravatinib,0.172693882,3.868026018,
A-498,PF-06747775,2.797640888,3.271458387,
A-498,A-911,-1.565757863,3.632015228,
A-498,napabucasin,-0.37992654,4.962105274,
A-498,GSK-295,-1.542732012,2.594604254,
A-498,LOR-253,-0.046051702,4.846623898,
A-498,ARV-825,-4.351885826,2.193733931,
A-498,CCT-271850,4.605170186,3.828881979,
A-498,LY-3154567,4.605170186,4.197417259,
A-498,Litronesib,-4.605170186,0.598649323,
A-498,SW-044248,0.794391857,4.306988239,
A-498,ABL-001,2.694024559,3.323685884,
A-498,LY-3023414,-3.592032745,0.606759369,
A-498,SB-202190,2.809153813,4.753864765,
A-498,EPZ-020411,4.041036838,3.696816683,
A-498,MGCD-265,0.748340155,3.201126575,
A-498,RG-7602,-1.220370099,4.196394444,
A-498,Acalabrutinib,3.269670832,3.871051311,
A-498,SAR-245409,-1.565757863,4.487834454,
A-498,XL-147,1.128266696,3.422066927,
A-498,ARQ-092,-2.544356528,3.556691408,
A-498,GDC-0339,0.149668031,4.174262047,
A-498,APR-246,3.131515726,4.565259457,
A-498,PF-2771,-3.200593279,3.304897547,
A-498,Sapacitabine,4.409450453,1.673008919,
A-498,CFI-400945,0.851956484,3.306112051,
A-498,TAK-659 (isomer 1),0.898008186,3.880288839,
A-498,TAK-659 (isomer 1),0.541107497,3.880288839,
A-498,INCB-047775,-1.853581,3.093024492,
A-498,olmutinib,-0.138155106,3.498046637,
A-498,GSK-2194069,2.71705041,3.211820364,
A-498,AZD-0156,-0.587159199,-0.091212951,
A-498,KPT-9274,4.605170186,3.208770514,
A-498,CC-223,-3.166054503,3.722085238,
A-498,GDC-0084,-2.670998708,3.721213341,
A-498,ARQ-087,0.48354287,3.936873674,
A-498,ABBV-075,-1.842068074,4.007722378,
A-498,RX-5902,-4.110114391,3.633136988,
A-498,BAY-876,2.71705041,4.721623421,
A-498,ensartinib,0,3.464528799,
A-498,CC-115,-4.478528006,3.784161806,
A-498,BGB-283,0.115129255,2.021096945,
A-498,BAY-1125976,-2.613434081,4.302304745,
A-498,ASP-5878,-4.536092633,3.738031626,
A-498,CNDAC,4.605170186,1.897219777,
A-498,CCT-245737,-0.782878932,2.321891546,
A-498,LGH-447,2.46376605,4.224471569,
A-498,PQR-620,-3.304209608,0.752618134,
A-498,KPT-8602,-2.475278975,3.402487993,
A-498,NTRC-0066-0,2.394688497,4.123863697,
A-498,BAY-1082439,-1.796016373,4.04421854,
A-498,AMG-51,-0.046051702,4.463433266,
A-498,IPI-549,-1.427602758,2.396579266,
A-498,M2698,-1.98022318,3.845772505,
A-498,A-1331852,-4.605170186,3.677788734,
A-498,WT-161,-1.036163292,1.936339378,
A-498,ABC-1183,-1.001624515,5.249893665,
A-498,CEP-40783,0.495055795,3.424625158,
A-498,ulixertinib,-2.4867919,2.760416269,
A-498,Selonsertib,2.647972857,3.423617601,
A-498,PLX-8394,1.323986428,4.82664299,
A-498,Plinabulin,-4.605170186,-1.852513909,
A-498,Sulfatinib,0.046051702,4.23856926,
A-498,AZD-5153,-2.509817751,1.704005361,
A-498,TP-0903,-2.175942913,3.302994013,
A-498,BPTES,-0.368413615,3.539507627,
A-498,EC-330,-0.706126095,3.93210578,
A-498,SAR-20347,-0.598672124,2.509738922,
A-498,GS-9901,-1.381551056,5.448198795,
A-498,S-63845,1.112916128,2.901019573,
A-498,zanubrutinib,0.851956484,4.213826656,
A-498,GNE-140,2.348636795,3.495085001,
A-498,LXS-196,3.545981043,3.837671041,
A-498,umbralisib,4.328859975,3.453341484,
A-498,TPX-0005,-1.531219087,4.03080225,
A-498,BAY-1895344,-3.292696683,3.883381128,
A-498,GDC-0077,0.73682723,1.961852074,
A-498,CFI-402257,-1.416089832,3.589903593,
A-498,milademetan,-2.187455838,3.487773895,
A-498,BLU-285,1.842068074,3.555012465,
A-498,PRN-1371,-4.605170186,3.787097692,
A-498,BMS-986158,-3.269670832,4.662665844,
A-498,TAK-931,0.690775528,4.592213154,
A-498,ON-123300,-1.611809565,4.162733555,
A-498,BAY-1251152,-2.647972857,3.495140076,
A-498,FT-1518,-3.407825938,3.719196081,
A-498,PQR-530,-3.499929341,0.564760864,
A-498,nedisertib,-1.47365446,3.726100445,
A-498,MTX-211,-2.037787807,3.151729345,
A-498,BAY-1816032,2.532843602,4.149084568,
A-498,LY-3214996,-0.414465317,3.895035982,
A-498,AZD-1390,1.335499354,1.492150664,
A-498,AMG-176,0.368413615,3.224722624,
A-498,SHP-099,0.921034037,3.604545832,
A-498,BAY-1163877,-4.582144335,3.996671438,
A-498,HDM-201,2.947308919,2.562197924,
A-498,S-222611,0.73682723,2.777845144,
A-498,ASTX-660,3.246644981,3.766398668,
A-498,FGF-401,3.914394658,2.734067202,
A-498,TP-3654,0.391439466,3.577953577,
A-498,SEL-120,0.368413615,4.092286587,
A-498,IDF-11774,2.71705041,3.659753084,
A-498,CC-671,-0.598672124,3.153695345,
A-498,CYC-065,-1.796016373,4.424050808,
A-498,PLX-51107,-1.634835416,4.514124393,
A-498,RG-6016,3.062438174,3.506370306,
A-498,LXH-254,0.069077553,3.97496748,
A-498,AZD-5991,1.381551056,4.266620159,
A-498,INCB-057643,0.092103404,3.948028326,
A-498,JNJ-3887618,2.97033477,3.799605608,
A-498,PF-6459988,0.874982335,3.695522547,
A-498,RG-7741,-3.189080354,4.629395485,
A-498,AZD-0364,-3.212106205,3.393677711,
A-498,CC-90003,-1.853581,3.363310575,
A-498,RG-7112,0.48354287,4.083082676,
A-498,Copanlisib,-4.881480397,4.594446182,
A-498,BOS-172722,-0.667749677,3.755581617,
A-498,LOXO-195,2.555869453,3.21514678,
A-498,S-64315,-2.958821844,2.854253531,
A-498,IACS-10759,-3.925907584,3.952521086,
A-498,BAY-2402234,1.335499354,3.782420397,
A-498,PF-6459988,-1.335499354,2.974467516,
A-498,CG-806,-2.164429987,3.102473974,
A-498,BLU-667,-1.911145627,4.078519821,
A-498,IACS-8968,2.809153813,3.587184191,
A-498,CH-7057288,0.73682723,4.810353756,
A-498,ARS-1620,1.703912969,3.381088495,
A-498,ABBV-744,-0.115129255,4.486809254,
A-498,relacorilant,1.542732012,4.265710354,
A-498,AZD-4320,-3.545981043,1.988111615,
A-498,TAS-6417,-1.036163292,4.0885005,
A-498,PF-06873600,0.276310211,4.844698906,
A-498,IDH-305,2.740076261,3.07434988,
A-498,AZD-3229,4.605170186,3.210594893,
A-498,futibutinib,-4.605170186,3.859887838,
