cell_name,cell_idx,drug_name,IC50,test_pred
DiFi,0,(5Z)-7-Oxozeaenol,1.40571,1.555454612
DiFi,0,5-azacytidine,2.017363,3.175974607
DiFi,0,5-Fluorouracil,4.273194,3.67495966
DiFi,0,A-366,5.189086,4.879451275
DiFi,0,ABT737,1.131764,1.511471868
DiFi,0,Acetalax,-0.274714,0.539473176
DiFi,0,Afatinib,-4.740299,-3.69727397
DiFi,0,Afuresertib,1.651534,1.527940154
DiFi,0,AGI-5198,5.253903,4.873722553
DiFi,0,AGI-6780,4.183522,4.160122395
DiFi,0,AGK2,3.836627,3.351346016
DiFi,0,AICA Ribonucleotide,8.637386,8.021417618
DiFi,0,Alisertib,0.964072,2.298704863
DiFi,0,Alpelisib,2.032412,1.701200366
DiFi,0,alpha-lipoic acid,8.275,8.002374649
DiFi,0,AMG-319,5.218508,5.229803562
DiFi,0,AT13148,1.453733,3.596973658
DiFi,0,Avagacestat,5.790831,4.713048458
DiFi,0,Axitinib,3.341807,3.359703779
DiFi,0,AZ20,1.389927,1.391038299
DiFi,0,AZ6102,1.245051,2.459596634
DiFi,0,AZ960,5.533147,2.472068787
DiFi,0,AZD1208,4.643454,4.847113132
DiFi,0,AZD1332,4.903006,3.378587961
DiFi,0,AZD1480,2.518198,2.005264521
DiFi,0,AZD2014,1.0627,1.353287458
DiFi,0,AZD3514,5.237809,3.80866456
DiFi,0,AZD3759,-1.194858,-1.104332566
DiFi,0,AZD4547,5.896601,3.721874475
DiFi,0,AZD4877,-3.292197,-3.064536095
DiFi,0,AZD5153,0.95314,1.973351479
DiFi,0,AZD5363,2.303148,2.1975348
DiFi,0,AZD5438,1.574505,1.973535419
DiFi,0,AZD5582,3.464803,2.079078674
DiFi,0,AZD5991,4.595849,3.244800329
DiFi,0,AZD6094,3.82583,3.28239131
DiFi,0,AZD6482,4.098379,3.25986886
DiFi,0,AZD6738,1.38677,2.026183367
DiFi,0,AZD7762,-0.351653,0.266921371
DiFi,0,AZD8055,-1.369773,-0.396714687
DiFi,0,AZD8186,3.225822,2.716385126
DiFi,0,AZD8835,1.845908,1.965998292
DiFi,0,AZD8931,-3.786348,-2.820410967
DiFi,0,BEN,1.175076,3.339151621
DiFi,0,BI-2536,-1.682043,-1.735673785
DiFi,0,BIBR-1532,5.272195,5.063299656
DiFi,0,Bicalutamide,5.273,4.558368206
DiFi,0,Bleomycin,3.485075,2.783792734
DiFi,0,BMS-345541,3.150311,3.335550547
DiFi,0,BMS-536924,2.773691,2.119875669
DiFi,0,BMS-754807,0.996327,1.732910991
DiFi,0,Bortezomib,-5.694938,-4.704054832
DiFi,0,Bosutinib,3.258134,1.849762678
DiFi,0,BPTES,5.038013,3.961839437
DiFi,0,Bromosporine,2.397916,2.69619441
DiFi,0,Buparlisib,0.509077,0.667615891
DiFi,0,BX795,2.364116,3.065029621
DiFi,0,Camptothecin,-2.054677,-1.604081511
DiFi,0,Capivasertib,1.771389,2.1975348
DiFi,0,CCT-018159,4.24169,3.568869591
DiFi,0,CCT007093,5.020428,5.095183849
DiFi,0,CCT245232,-2.527907,-2.405848742
DiFi,0,Cediranib,2.323199,2.229810953
DiFi,0,CHIR-99021,3.641022,4.411932945
DiFi,0,CI-1040,1.614435,1.632277369
DiFi,0,Cisplatin,3.73497,3.612619638
DiFi,0,CPI-637,4.391228,4.557040691
DiFi,0,Crizotinib,3.614115,2.407080412
DiFi,0,CRT0105950,4.63538,3.418985605
DiFi,0,Cyclophosphamide,5.779258,5.410373211
DiFi,0,Cytarabine,1.654894,2.146317244
DiFi,0,CZC24832,6.00705,5.466787815
DiFi,0,Dabrafenib,6.136072,4.459377766
DiFi,0,Dacarbazine,5.214819,5.387843609
DiFi,0,Dactinomycin,-5.625683,-4.633505344
DiFi,0,Dactolisib,-2.194746,-1.731427789
DiFi,0,Dasatinib,3.578856,1.533656597
DiFi,0,Dihydrorotenone,-0.119192,0.163966417
DiFi,0,Dinaciclib,-3.870718,-3.147186995
DiFi,0,Docetaxel,-3.600145,-3.50138545
DiFi,0,Doramapimod,5.160592,4.754183292
DiFi,0,Doxorubicin,0.655374,-0.47888881
DiFi,0,EHT-1864,3.839865,3.871588707
DiFi,0,Elephantin,2.566458,4.095655918
DiFi,0,Elesclomol,-0.307795,-1.760556817
DiFi,0,Entinostat,1.49408,1.871709943
DiFi,0,Entospletinib,3.310975,3.987808943
DiFi,0,Epirubicin,0.861345,-0.47888881
DiFi,0,EPZ004777,5.746165,5.112550735
DiFi,0,EPZ5676,5.466047,5.612312794
DiFi,0,Erlotinib,-1.279746,-1.173361421
DiFi,0,Fludarabine,6.312463,5.155866623
DiFi,0,Foretinib,0.66781,1.211932778
DiFi,0,Fulvestrant,4.901457,4.014474392
DiFi,0,Gallibiscoquinazole,2.854639,2.727155447
DiFi,0,GDC0810,5.654743,5.323677063
DiFi,0,Gefitinib,-1.88196,-0.944077313
DiFi,0,Gemcitabine,-0.914846,0.315120995
DiFi,0,glutathione,9.265865,9.457623482
DiFi,0,GNE-317,-0.218039,-0.25067547
DiFi,0,GSK-J4,3.464265,4.11847353
DiFi,0,GSK-LSD1,2.846515,3.010099173
DiFi,0,GSK1904529A,3.654516,4.372077942
DiFi,0,GSK2110183B,0.966527,1.527940154
DiFi,0,GSK2578215A,5.75325,4.962333202
DiFi,0,GSK2606414,2.374482,3.83773756
DiFi,0,GSK269962A,1.367591,3.261289835
DiFi,0,GSK2801,4.681429,5.13171339
DiFi,0,GSK2830371,5.757955,5.459234238
DiFi,0,GSK343,5.389758,4.09329319
DiFi,0,GSK591,3.416921,4.32038641
DiFi,0,GW441756,3.668845,3.706243038
DiFi,0,HG-5-113-01,1.689579,2.009642363
DiFi,0,HG-5-88-01,3.091919,3.680403948
DiFi,0,I-BET-151,1.772367,2.188264132
DiFi,0,I-BET-762,2.715151,3.810796976
DiFi,0,I-BRD9,5.008286,4.806865692
DiFi,0,I-CBP112,4.681069,4.92173481
DiFi,0,Ibrutinib,-0.586143,-0.541302443
DiFi,0,ICL-SIRT078,3.342585,4.138572693
DiFi,0,IOX2,0.147018,0.384910792
DiFi,0,Ipatasertib,2.064733,2.12663722
DiFi,0,Irinotecan,2.733562,2.565716267
DiFi,0,IWP-2,3.354093,3.159049273
DiFi,0,JNK Inhibitor VIII,5.692197,5.059771061
DiFi,0,JQ1,1.391057,2.455839396
DiFi,0,KU-55933,5.629988,5.362365246
DiFi,0,KU-60019,4.186049,3.730587959
DiFi,0,L-Oxonoreleagnine,3.897467,4.09051466
DiFi,0,Lapatinib,-0.865193,-1.347761154
DiFi,0,LCL161,5.768806,4.639976025
DiFi,0,Leflunomide,4.962524,5.345373631
DiFi,0,Lenalidomide,5.598717,5.340436459
DiFi,0,Lestaurtinib,-0.59633,0.601495147
DiFi,0,LGK974,4.775157,4.467689514
DiFi,0,Linsitinib,3.130404,3.604618788
DiFi,0,LJI308,4.931478,5.007563114
DiFi,0,LMP744,0.1907,-0.097789042
DiFi,0,Luminespib,1.781391,-1.265436053
DiFi,0,LY2109761,4.822099,5.09727335
DiFi,0,Methotrexate,1.160724,1.02486217
DiFi,0,MG-132,-1.644438,-1.040362835
DiFi,0,MIM1,5.386961,4.352705002
DiFi,0,MIRA-1,4.713328,5.384949207
DiFi,0,Mitoxantrone,1.838309,1.257959008
DiFi,0,MK-1775,0.332675,0.474373966
DiFi,0,MK-2206,1.210703,1.799619079
DiFi,0,MK-8776,2.603893,3.253539324
DiFi,0,ML323,3.945152,4.558319569
DiFi,0,MN-64,4.558002,4.59752655
DiFi,0,Motesanib,5.782543,5.65184164
DiFi,0,Mycophenolic acid,2.43817,2.075687647
DiFi,0,N-acetyl cysteine,10.038769,10.01507282
DiFi,0,Navitoclax,-0.120551,1.47962749
DiFi,0,Nelarabine,6.577419,6.219176769
DiFi,0,Nilotinib,4.198658,3.171528816
DiFi,0,Niraparib,5.390476,4.673301697
DiFi,0,NU7441,3.044855,3.139132977
DiFi,0,NVP-ADW742,2.395379,2.756629705
DiFi,0,Obatoclax Mesylate,-0.085405,1.406353951
DiFi,0,OF-1,3.609751,4.273073196
DiFi,0,Olaparib,5.345444,4.585909367
DiFi,0,OSI-027,4.186485,2.851031065
DiFi,0,Osimertinib,-2.064261,-2.680946112
DiFi,0,OTX015,2.37195,2.759607792
DiFi,0,Oxaliplatin,4.75924,4.680802822
DiFi,0,P22077,4.14909,4.415426731
DiFi,0,Paclitaxel,-3.93657,-3.216536283
DiFi,0,Palbociclib,2.99324,4.235471725
DiFi,0,PCI-34051,5.435889,4.697784901
DiFi,0,PD0325901,0.003694,-0.640461385
DiFi,0,PD173074,4.961649,3.996332884
DiFi,0,Pevonedistat,0.327211,0.779073119
DiFi,0,PF-4708671,4.649077,3.953600645
DiFi,0,PFI-1,4.414421,4.494484425
DiFi,0,PFI-3,4.391465,5.376036167
DiFi,0,PFI3,5.606364,5.376036167
DiFi,0,Pictilisib,-0.219852,0.095438547
DiFi,0,Piperlongumine,2.652649,2.343624115
DiFi,0,PLX-4720,4.363407,4.650212765
DiFi,0,Podophyllotoxin bromide,-1.063683,-0.586951077
DiFi,0,POMHEX,1.270092,1.36010766
DiFi,0,PRIMA-1MET,5.27491,4.81240797
DiFi,0,PRT062607,4.478182,3.749338865
DiFi,0,Pyridostatin,4.704485,3.887424946
DiFi,0,Rapamycin,-1.705052,-1.946772933
DiFi,0,Refametinib,-0.417893,0.138457298
DiFi,0,Remodelin,5.325345,5.004249096
DiFi,0,Ribociclib,4.363725,3.962816238
DiFi,0,RO-3306,1.753797,2.918767214
DiFi,0,Romidepsin,-6.248925,-5.406635761
DiFi,0,Rucaparib,3.764692,4.264585972
DiFi,0,Ruxolitinib,5.130226,5.168297291
DiFi,0,RVX-208,4.798344,5.157579899
DiFi,0,Sabutoclax,0.396043,0.176391125
DiFi,0,Sapitinib,-4.116191,-2.820410967
DiFi,0,Savolitinib,2.567351,3.28239131
DiFi,0,SB216763,3.90669,5.563109875
DiFi,0,SB505124,1.318488,3.870382547
DiFi,0,SB590885,4.064497,4.61384058
DiFi,0,SCH772984,0.381173,0.709444046
DiFi,0,Schweinfurthin A,2.372753,3.430097103
DiFi,0,Selumetinib,1.669742,2.423244715
DiFi,0,Sepantronium bromide,-1.199641,-2.824293852
DiFi,0,Serdemetan,5.164183,3.974882603
DiFi,0,SGC-CBP30,3.703613,4.497863293
DiFi,0,SGC0946,1.537148,2.14706707
DiFi,0,Sinularin,3.001927,3.858103991
DiFi,0,SL0101,4.920476,4.721063137
DiFi,0,SN-38,-3.201637,-2.517663717
DiFi,0,Sorafenib,2.760887,2.46336031
DiFi,0,Staurosporine,-3.275624,-2.740213394
DiFi,0,Talazoparib,3.774041,3.35043025
DiFi,0,Tamoxifen,3.576835,4.106987476
DiFi,0,Tanespimycin,-1.629667,-1.565978289
DiFi,0,Taselisib,-0.53224,-0.879075468
DiFi,0,Telomerase Inhibitor IX,2.64734,1.2630862
DiFi,0,Temozolomide,6.801502,6.904211521
DiFi,0,Temsirolimus,1.711317,1.057045102
DiFi,0,Teniposide,1.896674,1.032063484
DiFi,0,Topotecan,0.494675,0.241799712
DiFi,0,Trametinib,-2.467148,-2.361883402
DiFi,0,Tretinoin,4.698371,4.488862514
DiFi,0,TW 37,1.58753,0.890257895
DiFi,0,Ulixertinib,2.03543,1.430552721
DiFi,0,UMI-77,5.245894,2.985194206
DiFi,0,UNC0379,5.02798,3.845957994
DiFi,0,UNC0638,4.149648,4.533170223
DiFi,0,UNC0642,1.573039,1.647144079
DiFi,0,UNC1215,2.847402,2.843403578
DiFi,0,Uprosertib,1.240893,1.359595656
DiFi,0,VE-822,4.198507,3.168997526
DiFi,0,VE821,3.984128,3.862456083
DiFi,0,Veliparib,5.211309,5.441998005
DiFi,0,Venetoclax,3.088204,2.77016592
DiFi,0,Vinblastine,-4.375998,-3.97149682
DiFi,0,Vinorelbine,-3.746546,-3.775407553
DiFi,0,Vismodegib,5.773233,5.093263149
DiFi,0,Vorinostat,0.596975,1.545145154
DiFi,0,VX-11e,1.038373,1.486346841
DiFi,0,VX-702,3.470453,3.251674414
DiFi,0,Wee1 Inhibitor,2.0613,1.768382311
DiFi,0,WEHI-539,3.159006,3.752658129
DiFi,0,WIKI4,3.442604,3.309499502
DiFi,0,Wnt-C59,3.867371,4.284328938
DiFi,0,WZ4003,4.094743,4.54835844
DiFi,0,XAV939,3.78872,4.116464615
DiFi,0,XMD11-85h,5.271883,4.417563915
DiFi,0,XMD8-92,3.047388,3.722794056
DiFi,0,YK-4-279,1.596289,1.658869505
DiFi,0,ZG-10,1.897587,2.09208107
DiFi,0,ZM447439,1.46424,2.540023565
DiFi,0,Zoledronate,4.124957,4.064573765
HCE-4,1,(5Z)-7-Oxozeaenol,0.099979,0.792385638
HCE-4,1,5-Fluorouracil,3.407743,3.352120161
HCE-4,1,A-443654,-2.308284,-2.347687721
HCE-4,1,A-770041,0.19925,0.65980196
HCE-4,1,A-83-01,3.975107,3.800782442
HCE-4,1,ABT737,3.678314,3.328148127
HCE-4,1,ACY-1215,1.888197,2.602634668
HCE-4,1,Afatinib,2.873405,2.346992731
HCE-4,1,Afuresertib,2.434674,2.825206995
HCE-4,1,AGI-5198,4.260344,3.938814163
HCE-4,1,AGI-6780,3.56038,3.436225653
HCE-4,1,AGK2,3.802495,3.116977692
HCE-4,1,AICA Ribonucleotide,7.027771,7.429374695
HCE-4,1,AKT inhibitor VIII,3.156042,3.714318752
HCE-4,1,Alectinib,4.036306,4.361705303
HCE-4,1,Alisertib,2.217185,1.17256701
HCE-4,1,Alpelisib,3.413277,3.451019526
HCE-4,1,AMG-319,5.103886,3.910109758
HCE-4,1,Amuvatinib,4.448421,3.748836517
HCE-4,1,Apitolisib,0.910699,1.136508346
HCE-4,1,AR-42,2.69331,2.479632854
HCE-4,1,Ara-G,4.791143,4.722754002
HCE-4,1,ARRY-520,-4.250456,-2.499683619
HCE-4,1,AS601245,1.686853,1.130024195
HCE-4,1,AS605240,4.249305,4.684090137
HCE-4,1,AST-1306,1.768467,1.606991649
HCE-4,1,AT-7519,2.506214,3.596544981
HCE-4,1,AT13148,2.410365,2.605234861
HCE-4,1,AT7867,2.540393,2.641421318
HCE-4,1,Avagacestat,5.166895,4.278202534
HCE-4,1,Axitinib,2.133853,2.798475742
HCE-4,1,AZ20,0.803675,0.092489071
HCE-4,1,AZ6102,3.302302,2.866317034
HCE-4,1,AZ960,1.66565,1.152320981
HCE-4,1,AZD1208,2.872999,4.315125942
HCE-4,1,AZD1332,1.456917,2.200427771
HCE-4,1,AZD1480,0.934113,1.266081691
HCE-4,1,AZD2014,-1.298156,1.117373586
HCE-4,1,AZD3514,3.495075,3.325553894
HCE-4,1,AZD3759,2.668203,2.79327035
HCE-4,1,AZD4547,2.77002,2.760659933
HCE-4,1,AZD4877,-4.744413,-4.595813274
HCE-4,1,AZD5363,3.313823,2.582159281
HCE-4,1,AZD5438,-1.990479,1.542483211
HCE-4,1,AZD5582,-3.306161,1.368413806
HCE-4,1,AZD6094,3.016999,2.616433859
HCE-4,1,AZD6482,3.124341,2.29080677
HCE-4,1,AZD6738,1.883968,1.304283023
HCE-4,1,AZD7762,0.646903,-0.175384045
HCE-4,1,AZD8055,0.181212,-0.132020384
HCE-4,1,AZD8186,3.83425,3.137331724
HCE-4,1,AZD8835,2.069782,2.600705147
HCE-4,1,AZD8931,1.473841,2.925441027
HCE-4,1,BAM7,5.122216,3.920439959
HCE-4,1,BAY-61-3606,1.392688,2.026188135
HCE-4,1,Belinostat,3.942212,3.404339075
HCE-4,1,Bexarotene,3.318913,2.505805731
HCE-4,1,BI-2536,-1.745712,-1.985800624
HCE-4,1,BIBF-1120,2.266483,2.77485013
HCE-4,1,BIBR-1532,5.181507,4.217020512
HCE-4,1,Bicalutamide,4.917563,3.761497974
HCE-4,1,BIX02189,5.281607,4.938773632
HCE-4,1,Bleomycin,-0.30167,1.060406804
HCE-4,1,BMS-345541,4.493557,3.20347476
HCE-4,1,BMS-509744,2.79739,2.299364328
HCE-4,1,BMS-536924,1.648464,2.162905455
HCE-4,1,BMS-754807,2.122006,1.79086113
HCE-4,1,Bortezomib,-5.402489,-4.502887249
HCE-4,1,Bosutinib,2.48813,2.870426893
HCE-4,1,BPTES,1.502642,3.27956152
HCE-4,1,Buparlisib,1.405419,1.582684398
HCE-4,1,BX-912,3.315105,3.800370455
HCE-4,1,BX795,2.372236,1.495993495
HCE-4,1,C-75,5.129421,3.879045963
HCE-4,1,Cabozantinib,3.92716,3.733638048
HCE-4,1,Camptothecin,-3.53614,-2.36796093
HCE-4,1,Capivasertib,3.589208,2.582159281
HCE-4,1,CAY10566,2.503571,2.918510675
HCE-4,1,CAY10603,4.802029,4.119680882
HCE-4,1,CCT-018159,3.315013,2.735216856
HCE-4,1,CCT007093,5.158096,4.363162041
HCE-4,1,CCT245232,-1.854083,-2.659492254
HCE-4,1,CD532,-0.047981,0.149164125
HCE-4,1,Cediranib,4.152377,2.284276485
HCE-4,1,CGP-082996,1.31941,2.615352154
HCE-4,1,CGP-60474,-3.070403,-3.354696989
HCE-4,1,CHIR-99021,4.936755,3.310851574
HCE-4,1,CI-1033,1.683334,2.457440615
HCE-4,1,CI-1040,2.696473,2.669063568
HCE-4,1,Cisplatin,0.273505,1.843934536
HCE-4,1,CMK,1.311845,1.66395545
HCE-4,1,CP466722,3.023932,3.623681068
HCE-4,1,CP724714,4.274661,4.597368717
HCE-4,1,CPI-613,7.835884,4.512887955
HCE-4,1,Crizotinib,2.29303,2.327216387
HCE-4,1,CRT0105950,2.666104,2.265685558
HCE-4,1,CUDC-101,2.85073,2.475655317
HCE-4,1,CX-5461,4.620229,3.975023508
HCE-4,1,Cyclophosphamide,4.105851,4.335999012
HCE-4,1,Cytarabine,-1.225275,1.10037601
HCE-4,1,CZC24832,4.298443,4.225112915
HCE-4,1,Dabrafenib,3.969098,3.595907927
HCE-4,1,Dacinostat,-2.630159,-2.481565237
HCE-4,1,Dactinomycin,-5.298501,-4.713595867
HCE-4,1,Dactolisib,-1.403144,-2.270125866
HCE-4,1,Daporinad,2.878968,-1.459394455
HCE-4,1,Dasatinib,1.384357,-0.017368607
HCE-4,1,Dinaciclib,-3.258944,-2.793666124
HCE-4,1,DMOG,6.363197,5.429393768
HCE-4,1,Docetaxel,-5.263747,-4.736154079
HCE-4,1,Doramapimod,4.176379,4.285441875
HCE-4,1,Doxorubicin,-3.313948,-1.523875356
HCE-4,1,EHT-1864,3.312671,3.339920044
HCE-4,1,Elesclomol,0.179069,-3.619399309
HCE-4,1,Embelin,2.301107,2.11139679
HCE-4,1,Entinostat,2.163028,2.521059752
HCE-4,1,Entospletinib,2.962185,2.93260932
HCE-4,1,Enzastaurin,4.570814,4.15063715
HCE-4,1,Epirubicin,-1.72831,-1.523875356
HCE-4,1,Epothilone B,-6.267511,-6.325510979
HCE-4,1,EPZ004777,5.181553,4.362398148
HCE-4,1,EPZ5676,4.799505,4.874411106
HCE-4,1,Erlotinib,4.462061,3.323386431
HCE-4,1,Etoposide,-0.360141,-0.05593168
HCE-4,1,ETP-45835,4.777624,4.71775198
HCE-4,1,Fedratinib,3.869352,3.729173422
HCE-4,1,FH535,1.242945,1.463667512
HCE-4,1,Flavopiridol,-0.734073,-1.091172457
HCE-4,1,FMK,5.092396,5.234745979
HCE-4,1,Foretinib,1.137464,1.126968861
HCE-4,1,FR-180204,5.289619,5.317659855
HCE-4,1,FTI-277,2.121308,1.677744746
HCE-4,1,FTY-720,2.698645,2.227362394
HCE-4,1,Fulvestrant,2.246943,3.901966572
HCE-4,1,GDC0810,4.595517,4.347909927
HCE-4,1,Gefitinib,2.659118,3.290042162
HCE-4,1,Gemcitabine,-2.916122,-2.170824766
HCE-4,1,GNE-317,2.197124,1.165736556
HCE-4,1,GNF-2,2.454529,2.787846565
HCE-4,1,GSK-J4,3.114575,2.579973698
HCE-4,1,GSK1059615,0.715428,-0.271432459
HCE-4,1,GSK1070916,3.442083,2.964411974
HCE-4,1,GSK1904529A,2.485496,3.525841475
HCE-4,1,GSK2578215A,5.031093,3.998158932
HCE-4,1,GSK2606414,2.855651,3.212450266
HCE-4,1,GSK269962A,2.656522,1.557284236
HCE-4,1,GSK343,2.317682,3.64797616
HCE-4,1,GSK429286A,4.857819,4.566459179
HCE-4,1,GSK591,5.094214,3.775141001
HCE-4,1,GSK650394,1.885286,2.286971331
HCE-4,1,GSK690693,4.576243,4.433812618
HCE-4,1,GW-2580,4.852652,4.750497341
HCE-4,1,GW441756,2.444423,3.184676886
HCE-4,1,GW843682X,-4.110709,-3.565866232
HCE-4,1,HG6-64-1,0.79935,-0.08766859
HCE-4,1,I-BET-151,1.599907,1.435342193
HCE-4,1,I-BET-762,3.278085,3.422213316
HCE-4,1,I-BRD9,4.247347,3.93532896
HCE-4,1,I-CBP112,4.513923,4.027002811
HCE-4,1,Ibrutinib,3.439099,4.245504856
HCE-4,1,IC-87114,4.43802,4.317158222
HCE-4,1,Idelalisib,4.711532,4.711351395
HCE-4,1,Imatinib,2.629159,2.867754698
HCE-4,1,IMD-0354,0.228789,-0.08414308
HCE-4,1,IOX2,1.313473,-0.255784452
HCE-4,1,Ipatasertib,3.309042,3.313878298
HCE-4,1,Irinotecan,1.360932,1.790669084
HCE-4,1,Ispinesib Mesylate,-1.04679,-0.622055948
HCE-4,1,IWP-2,2.705289,2.650489569
HCE-4,1,JNJ38877605,3.71088,3.525771379
HCE-4,1,JNK Inhibitor VIII,4.095613,4.357651234
HCE-4,1,JQ1,2.871098,1.978986621
HCE-4,1,JQ12,1.042473,0.459107637
HCE-4,1,JW-7-24-1,3.245811,3.14160037
HCE-4,1,kb NB 142-70,2.728555,2.617532015
HCE-4,1,KIN001-244,5.289542,4.403338909
HCE-4,1,KIN001-266,5.115218,4.578141212
HCE-4,1,KIN001-270,5.2894,4.728599072
HCE-4,1,Kobe2602,4.830406,4.018968105
HCE-4,1,KU-55933,4.370425,4.255345345
HCE-4,1,KU-60019,3.737508,2.770066977
HCE-4,1,Lapatinib,3.65904,3.302147388
HCE-4,1,LCL161,-3.439989,3.428848505
HCE-4,1,LDN-193189,1.275034,0.556517005
HCE-4,1,Leflunomide,4.89324,4.443915844
HCE-4,1,Lenalidomide,4.139321,4.682318211
HCE-4,1,Lestaurtinib,-0.041334,-0.103853263
HCE-4,1,LFM-A13,4.933172,3.858203411
HCE-4,1,LGK974,3.046688,3.545828104
HCE-4,1,LIMK1 inhibitor BMS4,4.453296,4.410606861
HCE-4,1,Linifanib,2.242858,2.34063673
HCE-4,1,Linsitinib,3.153076,4.073596478
HCE-4,1,LJI308,5.159619,4.390365601
HCE-4,1,Luminespib,-1.433863,-3.044735909
HCE-4,1,LY2109761,4.111721,4.410816669
HCE-4,1,Masitinib,4.794028,4.706600666
HCE-4,1,Methotrexate,-0.502714,0.283260942
HCE-4,1,MG-132,-1.841319,-1.351268053
HCE-4,1,Midostaurin,-1.00163,-1.218582034
HCE-4,1,MIM1,3.33065,3.325471163
HCE-4,1,MIRA-1,4.56038,4.692210197
HCE-4,1,Mitomycin-C,-2.257463,-1.824130774
HCE-4,1,MK-1775,0.784718,0.167341828
HCE-4,1,MK-2206,2.695936,2.869389296
HCE-4,1,MK-8776,3.581736,2.772346258
HCE-4,1,ML323,3.68443,3.772639036
HCE-4,1,MN-64,4.191945,3.777404785
HCE-4,1,Motesanib,3.608916,4.881644726
HCE-4,1,Navitoclax,2.754133,3.299888134
HCE-4,1,NG-25,4.532125,4.099957943
HCE-4,1,Nilotinib,3.422151,3.089390039
HCE-4,1,Niraparib,5.181553,3.60720849
HCE-4,1,NPK76-II-72-1,4.539318,4.107382774
HCE-4,1,NSC-207895,5.168394,4.44604063
HCE-4,1,NSC-87877,2.838301,4.234925747
HCE-4,1,NSC319726,-1.303882,-0.274939656
HCE-4,1,NU7441,3.003782,2.906359673
HCE-4,1,NVP-ADW742,3.299956,3.19464159
HCE-4,1,NVP-BHG712,4.620307,4.700244427
HCE-4,1,NVP-TAE684,0.050424,-0.204593003
HCE-4,1,Obatoclax Mesylate,-1.307341,-0.464671195
HCE-4,1,OF-1,2.414416,3.282258272
HCE-4,1,Olaparib,4.350942,3.743973017
HCE-4,1,Omipalisib,-0.929495,0.156924754
HCE-4,1,OSI-027,2.82806,2.641170502
HCE-4,1,OSI-930,3.974944,4.250688076
HCE-4,1,Osimertinib,2.538812,2.15762496
HCE-4,1,OSU-03012,0.727154,1.13143456
HCE-4,1,OTX015,2.921788,2.420286894
HCE-4,1,Oxaliplatin,2.858013,3.629812717
HCE-4,1,P22077,3.250172,3.979037285
HCE-4,1,Paclitaxel,-4.084088,-3.852202415
HCE-4,1,Palbociclib,2.462888,3.440675974
HCE-4,1,Panobinostat,-2.706678,-1.607373595
HCE-4,1,Pazopanib,1.875777,2.301929712
HCE-4,1,PCI-34051,3.073688,4.000377178
HCE-4,1,PD0325901,2.112,2.944036007
HCE-4,1,PD173074,3.695223,3.03271842
HCE-4,1,Pelitinib,2.671366,3.569386721
HCE-4,1,Pemetrexed,2.288613,3.061005592
HCE-4,1,Pevonedistat,-0.9447,0.115089737
HCE-4,1,PF-00299804,2.251137,1.981578231
HCE-4,1,PF-4708671,3.598143,3.518497944
HCE-4,1,PF-562271,2.75237,1.343753695
HCE-4,1,PFI-1,3.71781,3.638202906
HCE-4,1,PFI-3,3.796984,4.448530674
HCE-4,1,PFI3,4.774065,4.448530674
HCE-4,1,PHA-665752,2.079663,2.298541546
HCE-4,1,PHA-793887,4.802368,4.508054733
HCE-4,1,Phenformin,9.597887,8.317778587
HCE-4,1,PI-103,4.31939,3.661842108
HCE-4,1,Pictilisib,0.618395,1.534513235
HCE-4,1,PIK-93,5.245703,4.532438755
HCE-4,1,Pilaralisib,2.386484,3.201545
HCE-4,1,Piperlongumine,2.519764,1.535681129
HCE-4,1,PLX-4720,3.336576,3.670878887
HCE-4,1,Ponatinib,-0.174706,0.109641977
HCE-4,1,PRIMA-1MET,6.049162,3.949579239
HCE-4,1,PRT062607,3.171309,3.270190477
HCE-4,1,Pyridostatin,4.717534,2.987299681
HCE-4,1,QL-X-138,4.310513,3.20396018
HCE-4,1,QL-XI-92,4.862839,4.522137642
HCE-4,1,QL-XII-47,1.585507,3.051313639
HCE-4,1,QS11,2.403398,2.702053785
HCE-4,1,Quizartinib,2.503673,2.420263052
HCE-4,1,Rapamycin,0.343313,-2.444902182
HCE-4,1,Refametinib,2.860341,3.538834333
HCE-4,1,Ribociclib,3.171208,3.258264303
HCE-4,1,RO-3306,2.603953,2.799345493
HCE-4,1,RU-SKI 43,4.476835,4.411353588
HCE-4,1,Rucaparib,4.488406,3.384102583
HCE-4,1,Ruxolitinib,3.7007,4.042512894
HCE-4,1,RVX-208,3.807085,4.088064671
HCE-4,1,S-Trityl-L-cysteine,-0.585298,0.654205263
HCE-4,1,Sabutoclax,-0.18256,-0.481696486
HCE-4,1,Sapitinib,4.662194,2.925441027
HCE-4,1,Saracatinib,2.079947,1.629514813
HCE-4,1,Savolitinib,2.878661,2.616433859
HCE-4,1,SB216763,4.303542,4.423130989
HCE-4,1,SB505124,4.446228,4.009754658
HCE-4,1,SB52334,5.215623,4.816799641
HCE-4,1,SB590885,3.926648,3.905387878
HCE-4,1,SCH772984,2.971833,4.101521015
HCE-4,1,Selisistat,4.81477,4.923413754
HCE-4,1,Selumetinib,5.059369,5.388161182
HCE-4,1,Sepantronium bromide,-5.777669,-3.467108011
HCE-4,1,Serdemetan,3.299299,3.469558477
HCE-4,1,SGC0946,2.167605,2.11051178
HCE-4,1,Shikonin,-0.435813,-0.722786248
HCE-4,1,SL0101,5.149316,3.901953459
HCE-4,1,SN-38,-4.653235,-3.133583784
HCE-4,1,SNX-2112,2.779486,2.120680571
HCE-4,1,Sorafenib,2.685009,2.343845129
HCE-4,1,Sphingosine Kinase 1 Inhibitor II,3.113489,3.245221853
HCE-4,1,Staurosporine,-2.941823,-3.293663263
HCE-4,1,STF-62247,4.602858,4.719444752
HCE-4,1,SU11274,3.627751,3.47736454
HCE-4,1,Sunitinib,1.50077,1.939996362
HCE-4,1,T0901317,4.4139,4.283259869
HCE-4,1,TAK-715,3.811482,4.940767288
HCE-4,1,Talazoparib,2.932207,2.11077714
HCE-4,1,Tamoxifen,4.643809,3.516434431
HCE-4,1,Tanespimycin,-0.590357,-1.226492643
HCE-4,1,Taselisib,2.564606,1.932551622
HCE-4,1,Telomerase Inhibitor IX,1.413418,0.319645137
HCE-4,1,Temozolomide,5.849267,5.666551113
HCE-4,1,Temsirolimus,1.651034,0.804953218
HCE-4,1,Tenovin-6,2.166849,2.398260593
HCE-4,1,Thapsigargin,-5.343204,-4.809730053
HCE-4,1,Tipifarnib,0.815582,0.230206668
HCE-4,1,Tivozanib,0.480356,0.25526914
HCE-4,1,Torin 2,-0.576515,-0.475469172
HCE-4,1,Tozasertib,2.682701,1.936110377
HCE-4,1,TPCA-1,5.066768,4.317315578
HCE-4,1,Trametinib,2.006632,2.011461496
HCE-4,1,Tretinoin,3.688958,3.445415497
HCE-4,1,Trichostatin A,-1.964855,-1.229299903
HCE-4,1,Tubastatin A,5.278426,4.928732395
HCE-4,1,TW 37,-0.635756,-0.090753965
HCE-4,1,TWS119,2.161791,2.650441885
HCE-4,1,Ulixertinib,4.265661,3.139603853
HCE-4,1,UNC0638,2.962555,3.845690966
HCE-4,1,UNC0642,1.521813,1.665984631
HCE-4,1,UNC1215,1.992644,1.984186769
HCE-4,1,Uprosertib,3.932584,2.985987663
HCE-4,1,VE-822,1.336233,2.722013235
HCE-4,1,VE821,4.778717,3.201506853
HCE-4,1,Veliparib,4.619867,4.409167767
HCE-4,1,Venetoclax,3.655359,3.222630739
HCE-4,1,Vinblastine,-4.217637,-4.044694901
HCE-4,1,Vinorelbine,-3.077385,-3.248972178
HCE-4,1,Vismodegib,3.970261,4.214245319
HCE-4,1,VNLG/124,3.76851,3.660515308
HCE-4,1,Vorinostat,1.43321,1.88681519
HCE-4,1,Voxtalisib,4.102823,4.016026497
HCE-4,1,VX-11e,3.149097,3.312464476
HCE-4,1,VX-702,2.168279,2.782603264
HCE-4,1,Wee1 Inhibitor,1.471261,1.382994175
HCE-4,1,WEHI-539,4.553688,3.852808714
HCE-4,1,WH-4-023,1.858811,-0.004270487
HCE-4,1,WHI-P97,4.619371,4.710386753
HCE-4,1,WIKI4,4.717029,3.286488295
HCE-4,1,Wnt-C59,2.764219,3.412452459
HCE-4,1,WYE-125132,0.704853,0.86549139
HCE-4,1,WZ-1-84,3.61986,3.411734819
HCE-4,1,WZ3105,2.761486,2.959783554
HCE-4,1,WZ4003,4.163195,3.809920549
HCE-4,1,XAV939,4.566435,3.603127718
HCE-4,1,XMD13-2,4.885453,4.549920559
HCE-4,1,XMD14-99,4.51797,4.585409641
HCE-4,1,Y-39983,4.995483,4.568207264
HCE-4,1,YK-4-279,2.293933,1.579098463
HCE-4,1,YM201636,3.92716,3.499896049
HCE-4,1,Z-LLNle-CHO,-0.438442,0.182834268
HCE-4,1,Zibotentan,5.28575,5.040670872
HCE-4,1,ZM447439,3.105903,2.177000523
HCE-4,1,ZSTK474,2.01279,2.752556801
K5,2,(5Z)-7-Oxozeaenol,-3.897539,-1.72944665
K5,2,5-azacytidine,1.717429,2.567799091
K5,2,5-Fluorouracil,2.450998,3.869173527
K5,2,A-366,4.094435,4.815660954
K5,2,A-443654,-0.733286,-0.987202466
K5,2,A-770041,1.638925,0.795868397
K5,2,A-83-01,4.176315,3.863177061
K5,2,ABT737,3.46767,2.805313349
K5,2,Acetalax,6.006485,5.492976189
K5,2,ACY-1215,1.84958,2.076733589
K5,2,Afatinib,2.409872,2.307523727
K5,2,Afuresertib,0.999165,2.180330515
K5,2,AGI-5198,5.215158,4.844957829
K5,2,AGI-6780,4.457981,4.856630325
K5,2,AGK2,4.707814,3.597347498
K5,2,AICA Ribonucleotide,7.36379,7.972261906
K5,2,AKT inhibitor VIII,2.652549,2.725157499
K5,2,Alectinib,3.555603,4.105964661
K5,2,Alisertib,0.181107,1.182238817
K5,2,Alpelisib,1.776137,2.679812193
K5,2,alpha-lipoic acid,7.682143,7.737631321
K5,2,AMG-319,5.534186,4.537889004
K5,2,Amuvatinib,5.188296,4.318157196
K5,2,Apitolisib,-0.866759,-0.572638035
K5,2,AR-42,-0.556295,0.124237575
K5,2,Ara-G,5.320416,5.359945297
K5,2,ARRY-520,-3.993777,-3.054276705
K5,2,AS601245,2.025832,2.167824507
K5,2,AS605240,2.311854,2.369840384
K5,2,AST-1306,0.310774,1.102529883
K5,2,AT-7519,1.669322,2.05882144
K5,2,AT13148,1.917002,2.524309874
K5,2,AT7867,2.672305,2.087271929
K5,2,Avagacestat,4.962629,4.549148083
K5,2,Axitinib,2.743212,3.187260389
K5,2,AZ20,-0.130096,-0.218372941
K5,2,AZ6102,1.982137,2.599670887
K5,2,AZ628,-2.198543,-1.30612731
K5,2,AZ960,0.862592,0.444032103
K5,2,AZD1208,5.352464,4.62572813
K5,2,AZD1332,2.991568,2.018660069
K5,2,AZD1480,1.031482,0.892098784
K5,2,AZD2014,-0.344031,0.184402615
K5,2,AZD3514,3.146062,3.452057123
K5,2,AZD3759,2.738968,3.142534971
K5,2,AZD4547,4.012937,3.452025175
K5,2,AZD4877,-4.502055,-4.463459492
K5,2,AZD5153,-0.753691,-0.326614976
K5,2,AZD5363,1.799032,1.824651837
K5,2,AZD5438,0.424635,1.217920303
K5,2,AZD5582,0.824158,2.332193851
K5,2,AZD5991,5.00103,4.951012135
K5,2,AZD6094,3.139431,3.037154913
K5,2,AZD6482,1.396268,1.588517785
K5,2,AZD6738,2.40278,1.690199494
K5,2,AZD7762,0.563193,-0.02592995
K5,2,AZD8055,-2.008549,-1.432984948
K5,2,AZD8186,2.921561,1.957778811
K5,2,AZD8835,0.222734,2.22658515
K5,2,AZD8931,1.437928,3.069148779
K5,2,BAM7,4.862676,4.413285732
K5,2,BAY-61-3606,1.453451,2.130477667
K5,2,Belinostat,0.301752,0.538744569
K5,2,BEN,5.108816,3.84561038
K5,2,Bexarotene,2.61096,2.792973995
K5,2,BI-2536,0.174526,-0.882825673
K5,2,BIBF-1120,4.352917,2.230910301
K5,2,BIBR-1532,5.686792,5.055315495
K5,2,Bicalutamide,3.112263,4.24285078
K5,2,BIX02189,4.048153,4.488255978
K5,2,Bleomycin,1.854608,1.769619107
K5,2,BMS-345541,4.628193,3.648670673
K5,2,BMS-509744,3.824875,2.880078077
K5,2,BMS-536924,2.802365,1.0787431
K5,2,BMS-754807,2.273876,1.267061353
K5,2,Bortezomib,-4.569953,-5.363337994
K5,2,Bosutinib,2.084088,2.251406908
K5,2,BPTES,4.155322,3.013842583
K5,2,Bromosporine,1.673456,1.504534245
K5,2,Bryostatin 1,-2.915435,-3.443610191
K5,2,Buparlisib,0.493227,0.513316393
K5,2,BX-912,2.982281,2.782638073
K5,2,BX795,1.350214,1.044200301
K5,2,C-75,3.25069,4.369398594
K5,2,Cabozantinib,2.802692,2.347639561
K5,2,Camptothecin,-2.345634,-2.290600061
K5,2,Capivasertib,-0.553718,1.824651837
K5,2,CAY10566,3.309588,3.018941641
K5,2,CAY10603,0.685126,1.152166009
K5,2,CCT-018159,2.123837,3.236600637
K5,2,CCT007093,3.6968,5.180517197
K5,2,CCT245232,-4.865478,-3.821260214
K5,2,CD532,0.40954,-0.113867126
K5,2,Cediranib,1.8527,1.771052122
K5,2,CGP-082996,3.37688,2.578008413
K5,2,CGP-60474,-3.457247,-2.781077147
K5,2,CHIR-99021,2.00396,3.698353052
K5,2,CI-1033,2.619907,1.906161904
K5,2,CI-1040,-0.919785,-0.264832973
K5,2,Cisplatin,2.833171,2.551599503
K5,2,CMK,2.201815,1.739070892
K5,2,CP466722,2.432825,2.388606787
K5,2,CP724714,4.638015,4.722574711
K5,2,CPI-613,4.585994,4.995365143
K5,2,CPI-637,2.856332,4.179615021
K5,2,Crizotinib,1.791969,1.483879685
K5,2,CRT0105950,1.474354,1.63073504
K5,2,CUDC-101,-0.415021,0.010960259
K5,2,CX-5461,4.30562,3.979993582
K5,2,Cyclopamine,5.381598,4.75483942
K5,2,Cyclophosphamide,4.722099,5.289347172
K5,2,Cytarabine,1.561114,0.619034708
K5,2,CZC24832,5.700391,5.062229633
K5,2,Dabrafenib,-1.127657,0.20060119
K5,2,Dacarbazine,5.899687,5.513332367
K5,2,Dacinostat,-3.095015,-2.708858728
K5,2,Dactinomycin,-6.215644,-5.667006016
K5,2,Dactolisib,-3.286618,-2.703407288
K5,2,Daporinad,-2.238645,-1.19622004
K5,2,Dasatinib,-0.96492,-0.943041503
K5,2,Dihydrorotenone,1.64894,2.500272751
K5,2,Dinaciclib,-3.34697,-3.461813211
K5,2,DMOG,5.165473,5.869149685
K5,2,Docetaxel,-4.299158,-4.097914696
K5,2,Doramapimod,4.933473,4.840824604
K5,2,Doxorubicin,-3.663752,-1.923469186
K5,2,EHT-1864,4.019997,4.65253973
K5,2,Elephantin,1.345842,3.458912611
K5,2,Elesclomol,-4.757214,-3.492149591
K5,2,Embelin,3.231519,2.51586628
K5,2,Entinostat,1.732912,1.446307421
K5,2,Entospletinib,2.671582,2.647984028
K5,2,Enzastaurin,3.779948,3.738921165
K5,2,Epirubicin,-1.838686,-1.923469186
K5,2,Epothilone B,-5.359531,-5.371629238
K5,2,EPZ004777,5.548713,5.199145794
K5,2,EPZ5676,5.960936,5.399659634
K5,2,Erlotinib,3.630434,3.578392267
K5,2,Etoposide,2.32283,2.148576498
K5,2,ETP-45835,5.344227,5.086731434
K5,2,Fedratinib,2.769114,2.606103182
K5,2,FH535,1.502074,1.514351845
K5,2,Flavopiridol,-1.87167,-1.494809866
K5,2,Fludarabine,3.99394,4.141638279
K5,2,FMK,5.369254,4.919656277
K5,2,Foretinib,1.323342,-0.181401551
K5,2,FR-180204,4.076323,4.898285389
K5,2,FTI-277,0.9273,1.659139514
K5,2,FTY-720,1.861861,1.98235929
K5,2,Fulvestrant,5.007516,4.506682873
K5,2,Gallibiscoquinazole,3.144625,2.726344347
K5,2,GDC0810,4.008323,5.335220337
K5,2,Gefitinib,3.625722,3.498272181
K5,2,Gemcitabine,-0.259089,-1.176865697
K5,2,glutathione,8.043999,8.882152557
K5,2,GNE-317,-0.289362,-0.433844566
K5,2,GNF-2,2.518352,2.194856405
K5,2,GSK-J4,2.844653,3.527858973
K5,2,GSK-LSD1,2.879325,2.669746161
K5,2,GSK1059615,-2.361898,-2.073259115
K5,2,GSK1070916,2.868028,2.029018641
K5,2,GSK1904529A,4.575282,4.856534004
K5,2,GSK2110183B,2.210521,2.180330515
K5,2,GSK2578215A,4.984889,5.028162479
K5,2,GSK2606414,3.61674,3.787385464
K5,2,GSK269962A,1.005632,1.343669415
K5,2,GSK2801,5.238725,5.032156467
K5,2,GSK2830371,5.767461,5.439181805
K5,2,GSK319347A,4.073257,4.212469101
K5,2,GSK343,5.766836,3.710447073
K5,2,GSK429286A,5.316421,4.473342896
K5,2,GSK591,5.169391,4.325033665
K5,2,GSK650394,3.176246,3.309458494
K5,2,GSK690693,3.777388,4.065222263
K5,2,GW-2580,5.194578,5.210149288
K5,2,GW441756,4.085486,3.962681055
K5,2,GW843682X,-2.618779,-2.289465189
K5,2,HG-5-113-01,0.956678,1.027511716
K5,2,HG-5-88-01,2.576659,3.096014738
K5,2,HG6-64-1,0.378101,-0.345227033
K5,2,I-BET-151,0.483707,0.527138472
K5,2,I-BET-762,1.914152,2.020008087
K5,2,I-BRD9,4.045448,4.63064003
K5,2,I-CBP112,4.229434,4.235668659
K5,2,Ibrutinib,4.167507,3.71546483
K5,2,IC-87114,5.368568,4.800690174
K5,2,ICL-SIRT078,5.720494,4.015062332
K5,2,Idelalisib,3.883746,3.98792696
K5,2,Imatinib,2.898291,2.763450146
K5,2,IMD-0354,-1.367641,-0.584552407
K5,2,IOX2,-0.632338,0.758392215
K5,2,IPA-3,5.839258,4.014377594
K5,2,Ipatasertib,2.55019,2.689001322
K5,2,Irinotecan,2.789743,2.258612156
K5,2,Ispinesib Mesylate,-2.710155,-1.503200889
K5,2,IWP-2,2.97579,3.292324305
K5,2,JNJ38877605,4.603738,3.705860376
K5,2,JNK Inhibitor VIII,5.406471,5.015045643
K5,2,JQ1,-0.126012,0.681588948
K5,2,JQ12,0.193763,0.868532896
K5,2,JW-7-24-1,0.797463,1.809285283
K5,2,kb NB 142-70,2.036251,2.553907394
K5,2,KIN001-244,2.354812,3.539618254
K5,2,KIN001-266,2.698152,3.847336769
K5,2,KIN001-270,3.363412,4.788889408
K5,2,Kobe2602,4.842771,4.336760998
K5,2,KU-55933,5.323914,5.266948223
K5,2,KU-60019,2.475142,2.801419973
K5,2,L-Oxonoreleagnine,3.909134,4.141569614
K5,2,Lapatinib,3.450862,3.641580343
K5,2,LCL161,4.66384,4.445802212
K5,2,LDN-193189,0.176132,0.2855919
K5,2,Leflunomide,4.009661,5.203294754
K5,2,Lenalidomide,5.56856,5.61869669
K5,2,Lestaurtinib,-0.940949,-0.749528408
K5,2,LFM-A13,4.493937,4.400117397
K5,2,LGK974,4.672281,5.241310596
K5,2,LIMK1 inhibitor BMS4,4.852483,4.37505722
K5,2,Linifanib,2.303137,1.243178487
K5,2,Linsitinib,4.874269,4.630170345
K5,2,LJI308,5.671039,4.583717823
K5,2,LMP744,-0.755123,0.059695669
K5,2,Luminespib,-4.459882,-4.20616436
K5,2,LY2109761,4.831457,4.757404327
K5,2,Masitinib,2.914221,3.753968
K5,2,Methotrexate,-1.62316,1.28214252
K5,2,MG-132,-1.228558,-1.475993276
K5,2,Midostaurin,-1.194559,-1.91587913
K5,2,MIM1,4.89841,3.983961344
K5,2,MIRA-1,4.611321,5.413632393
K5,2,Mitomycin-C,0.542741,-0.705861688
K5,2,Mitoxantrone,1.21504,1.077690125
K5,2,MK-1775,1.320038,0.678988636
K5,2,MK-2206,2.152316,1.915409088
K5,2,MK-8776,4.806866,3.373800516
K5,2,ML323,4.89369,5.478344917
K5,2,MN-64,4.954075,4.569155216
K5,2,Motesanib,5.767461,5.677356243
K5,2,Mycophenolic acid,0.251057,0.883840203
K5,2,N-acetyl cysteine,9.390645,9.569908142
K5,2,Navitoclax,2.988581,2.78333354
K5,2,Nelarabine,6.098641,6.073500633
K5,2,NG-25,2.242687,2.523204565
K5,2,Nilotinib,3.085912,3.046358347
K5,2,Niraparib,3.170872,4.182792187
K5,2,NPK76-II-72-1,4.188148,3.382123709
K5,2,NSC-207895,5.280579,4.383563995
K5,2,NSC-87877,5.144577,4.626689911
K5,2,NSC319726,-0.558394,-1.558170915
K5,2,NU7441,2.514147,2.226978064
K5,2,NVP-ADW742,3.341724,2.5681777
K5,2,NVP-BHG712,3.098341,2.581815481
K5,2,NVP-TAE684,-0.238099,0.438367724
K5,2,Obatoclax Mesylate,-0.38661,-0.976901352
K5,2,OF-1,5.661346,5.353578091
K5,2,Olaparib,4.022764,4.479059696
K5,2,Omipalisib,-3.800488,-2.817912817
K5,2,OSI-027,-0.08413,1.324913621
K5,2,OSI-930,4.430748,4.366152287
K5,2,Osimertinib,2.181835,2.484172106
K5,2,OSU-03012,2.22599,2.443776131
K5,2,OTX015,-0.055095,0.773375809
K5,2,Oxaliplatin,4.0466,4.213479042
K5,2,P22077,4.362946,4.891372681
K5,2,PAC-1,1.984885,1.972533584
K5,2,Paclitaxel,-2.971616,-4.085134983
K5,2,Palbociclib,2.18364,2.510185003
K5,2,Panobinostat,-3.050687,-2.526661634
K5,2,Parthenolide,2.25676,3.099606276
K5,2,Pazopanib,3.842015,2.579429865
K5,2,PCI-34051,4.004393,4.347574711
K5,2,PD0325901,-2.786045,-2.884302855
K5,2,PD173074,4.238594,3.238239288
K5,2,Pelitinib,3.724645,3.142637968
K5,2,Pemetrexed,3.39961,3.040620089
K5,2,Pevonedistat,1.679132,0.816307545
K5,2,PF-00299804,2.275999,1.747319937
K5,2,PF-4708671,2.645643,3.835067511
K5,2,PF-562271,1.790741,1.474596262
K5,2,PFI-1,3.704571,3.848890066
K5,2,PFI-3,4.57474,5.003908157
K5,2,PFI3,5.323892,5.003908157
K5,2,PHA-665752,3.039122,2.85380125
K5,2,PHA-793887,4.497012,3.592966557
K5,2,Phenformin,9.290472,8.429633141
K5,2,Pictilisib,0.036135,0.034009881
K5,2,PIK-93,2.24645,3.147862673
K5,2,Pilaralisib,2.270207,3.080446005
K5,2,Piperlongumine,0.829996,1.379939318
K5,2,PLX-4720,1.250066,1.178175807
K5,2,Podophyllotoxin bromide,-1.726731,-1.167103887
K5,2,POMHEX,1.075933,1.616098642
K5,2,Ponatinib,0.103736,-1.052040696
K5,2,PRIMA-1MET,2.50008,3.379153013
K5,2,PRT062607,3.035543,2.472542524
K5,2,Pyridostatin,3.4788,3.688451529
K5,2,Pyrimethamine,3.84622,3.664973021
K5,2,QL-X-138,1.625134,1.851552606
K5,2,QL-XI-92,4.549773,4.131138325
K5,2,QL-XII-47,-0.293846,1.686497569
K5,2,QS11,3.060091,3.506780863
K5,2,Quizartinib,2.396883,1.783217549
K5,2,Rapamycin,-1.364656,-2.742068291
K5,2,Refametinib,-1.32344,-0.981206596
K5,2,Ribociclib,2.846941,3.671881914
K5,2,RO-3306,4.105403,3.421718836
K5,2,Romidepsin,-6.941006,-5.409369469
K5,2,RU-SKI 43,4.978901,4.69163084
K5,2,Rucaparib,3.529064,4.025253296
K5,2,Ruxolitinib,5.202089,4.916912556
K5,2,RVX-208,4.383365,4.850227833
K5,2,S-Trityl-L-cysteine,-0.069163,1.186442256
K5,2,Sabutoclax,-0.333304,-0.399891198
K5,2,Salubrinal,3.155854,3.805301905
K5,2,Sapitinib,4.56608,3.069148779
K5,2,Saracatinib,2.116794,1.56287539
K5,2,Savolitinib,3.201876,3.037154913
K5,2,SB216763,4.284295,5.088682652
K5,2,SB505124,3.907858,4.166698933
K5,2,SB52334,4.845104,4.157493591
K5,2,SB590885,2.039075,2.656293154
K5,2,SCH772984,0.591003,-0.290172279
K5,2,Schweinfurthin A,-0.209801,0.569223106
K5,2,Seliciclib,3.413976,4.247905254
K5,2,Selisistat,4.705352,5.095154285
K5,2,Selumetinib,0.435955,-0.421241224
K5,2,Sepantronium bromide,-3.788431,-3.327965021
K5,2,Serdemetan,3.599813,3.849379539
K5,2,SGC-CBP30,3.839142,4.236493111
K5,2,SGC0946,1.112876,2.348139048
K5,2,Shikonin,-0.290675,-0.847577929
K5,2,Sinularin,3.854484,3.935359478
K5,2,SL0101,4.467469,4.452878475
K5,2,SN-38,-2.664559,-2.863754034
K5,2,Sorafenib,2.876676,2.724542379
K5,2,Sphingosine Kinase 1 Inhibitor II,3.087965,3.42848134
K5,2,Staurosporine,-4.571393,-4.824710369
K5,2,STF-62247,4.101521,4.589014053
K5,2,SU11274,4.694637,3.603344679
K5,2,Sunitinib,2.136137,2.380295038
K5,2,T0901317,4.699824,4.44738245
K5,2,TAK-715,5.36865,4.729029179
K5,2,Talazoparib,2.018331,2.560569763
K5,2,Tamoxifen,4.656658,4.554766178
K5,2,Tanespimycin,-1.449213,-2.566628933
K5,2,Taselisib,-0.708046,0.719901741
K5,2,Telomerase Inhibitor IX,-0.138918,0.384651303
K5,2,Temozolomide,5.992963,5.925782681
K5,2,Temsirolimus,-2.492904,-0.547699332
K5,2,Teniposide,1.027574,0.789655507
K5,2,Tenovin-6,1.662717,1.889543056
K5,2,TGX221,4.125203,3.155445337
K5,2,Thapsigargin,-0.919751,-4.665080547
K5,2,Tipifarnib,2.161429,1.360362768
K5,2,Tivozanib,0.294895,-0.55600673
K5,2,Topotecan,0.976098,0.225628078
K5,2,Torin 2,-2.282677,-2.600575924
K5,2,torin2,-4.283123,-2.600575924
K5,2,Tozasertib,0.021946,1.475188136
K5,2,TPCA-1,3.752189,3.523846149
K5,2,Trametinib,-3.166444,-4.687987804
K5,2,Tretinoin,4.67118,4.252669334
K5,2,Trichostatin A,-1.779277,-1.337746024
K5,2,Tubastatin A,4.485972,4.676528454
K5,2,TW 37,0.65505,-0.590293944
K5,2,TWS119,2.200482,1.803245425
K5,2,Ulixertinib,1.193937,1.392154455
K5,2,UMI-77,4.317287,2.994357824
K5,2,UNC0379,2.656882,3.633921862
K5,2,UNC0638,4.705347,4.111595631
K5,2,UNC0642,1.574424,1.435154796
K5,2,UNC1215,2.00475,2.151329756
K5,2,Uprosertib,2.711879,2.117891312
K5,2,VE-822,3.711961,3.32888937
K5,2,VE821,3.37402,3.897083998
K5,2,Veliparib,5.116181,5.314690113
K5,2,Venetoclax,3.890681,3.135318518
K5,2,Vinblastine,-4.625458,-4.676707745
K5,2,Vinorelbine,-2.788385,-3.936249018
K5,2,Vismodegib,5.378278,5.019402981
K5,2,VNLG/124,3.668413,3.813665867
K5,2,Vorinostat,1.373979,1.385979891
K5,2,Voxtalisib,4.270783,3.835038185
K5,2,VX-11e,2.583184,1.190605879
K5,2,VX-702,2.977812,2.683204889
K5,2,Wee1 Inhibitor,2.361576,1.656230211
K5,2,WEHI-539,4.155641,4.301783085
K5,2,WH-4-023,2.251018,0.286804557
K5,2,WHI-P97,4.181485,4.496230602
K5,2,WIKI4,3.873413,3.984761
K5,2,Wnt-C59,5.237343,4.911446095
K5,2,WYE-125132,-3.298053,-1.246830583
K5,2,WZ-1-84,4.368162,3.482882738
K5,2,WZ3105,3.062873,1.341429114
K5,2,WZ4003,2.50123,3.781783342
K5,2,XAV939,4.611307,3.798996687
K5,2,XMD11-85h,3.651908,3.389705896
K5,2,XMD13-2,3.619578,3.656475544
K5,2,XMD14-99,4.687859,4.526491642
K5,2,XMD8-85,2.540563,2.356960535
K5,2,XMD8-92,2.01451,3.028264284
K5,2,Y-39983,4.153148,4.397194862
K5,2,YK-4-279,1.333567,1.370644331
K5,2,YM201636,1.929193,2.252690792
K5,2,Z-LLNle-CHO,1.074484,-0.212764859
K5,2,ZG-10,1.508264,0.821252406
K5,2,Zibotentan,4.952391,5.414459705
K5,2,ZM447439,2.77899,1.524557471
K5,2,Zoledronate,4.148823,4.268873215
K5,2,ZSTK474,-0.164764,1.203450441
HLE,3,(5Z)-7-Oxozeaenol,-0.134738,0.709122002
HLE,3,5-azacytidine,2.41681,2.712302446
HLE,3,5-Fluorouracil,5.036681,4.48700285
HLE,3,A-366,4.460171,4.816333294
HLE,3,A-83-01,4.015801,4.041409492
HLE,3,ABT737,2.651121,2.689299822
HLE,3,Acetalax,4.099453,4.983823299
HLE,3,ACY-1215,3.00925,1.89042604
HLE,3,Afatinib,2.180349,2.196044922
HLE,3,Afuresertib,3.687102,4.042340755
HLE,3,AGI-5198,4.789741,4.662539482
HLE,3,AGI-6780,3.341584,3.889054537
HLE,3,AGK2,3.200003,2.950083733
HLE,3,AICA Ribonucleotide,7.16692,7.251312256
HLE,3,AKT inhibitor VIII,2.641234,3.09755826
HLE,3,Alectinib,3.407371,3.364397049
HLE,3,Alisertib,1.776106,1.239820719
HLE,3,Alpelisib,5.033927,4.430699348
HLE,3,alpha-lipoic acid,7.513439,7.817641735
HLE,3,AMG-319,5.297099,4.758038998
HLE,3,Amuvatinib,3.006043,3.567979336
HLE,3,Apitolisib,1.604252,0.674979627
HLE,3,AR-42,-0.035854,-0.556018174
HLE,3,Ara-G,5.582977,5.047263622
HLE,3,ARRY-520,-4.333699,-3.39212656
HLE,3,AS601245,1.026589,1.342508674
HLE,3,AS605240,4.171555,3.405910015
HLE,3,AST-1306,1.021581,1.39829123
HLE,3,AT-7519,1.037156,1.302575946
HLE,3,AT13148,5.209064,4.210372448
HLE,3,AT7867,3.833969,3.150106907
HLE,3,Avagacestat,4.927386,4.848397255
HLE,3,Axitinib,2.657638,3.036576748
HLE,3,AZ20,0.085887,0.417508781
HLE,3,AZ6102,3.467475,2.677778244
HLE,3,AZ960,0.333289,1.721620083
HLE,3,AZD1208,5.052313,5.114459515
HLE,3,AZD1332,2.036558,3.693503141
HLE,3,AZD1480,0.223564,1.245000362
HLE,3,AZD2014,1.560016,2.605975866
HLE,3,AZD3514,3.281211,2.897038221
HLE,3,AZD3759,2.860065,2.829985619
HLE,3,AZD4547,2.563317,2.968575239
HLE,3,AZD4877,-3.602054,-4.808078289
HLE,3,AZD5153,0.504107,1.712242484
HLE,3,AZD5363,3.815291,3.591335058
HLE,3,AZD5438,1.083577,2.11882472
HLE,3,AZD5582,2.289213,2.21467495
HLE,3,AZD5991,3.791216,4.801826
HLE,3,AZD6094,2.725517,2.366146326
HLE,3,AZD6482,3.691006,2.43554306
HLE,3,AZD6738,2.029685,1.848461986
HLE,3,AZD7762,0.528847,-0.123945482
HLE,3,AZD8055,-0.753364,0.618762434
HLE,3,AZD8186,4.681411,3.859153032
HLE,3,AZD8835,3.222582,2.829579592
HLE,3,AZD8931,1.799007,3.018362284
HLE,3,BAM7,4.793976,4.539310932
HLE,3,BAY-61-3606,0.905246,1.316325188
HLE,3,Belinostat,-0.74878,-0.265976876
HLE,3,BEN,-0.163137,3.2830019
HLE,3,Bexarotene,3.129177,2.725906134
HLE,3,BI-2536,-1.808933,-2.077878714
HLE,3,BIBF-1120,3.875276,2.498689651
HLE,3,BIBR-1532,5.002846,4.886675835
HLE,3,Bicalutamide,4.754233,3.935510874
HLE,3,BIX02189,3.794083,3.857495546
HLE,3,Bleomycin,1.884439,1.704102874
HLE,3,BMS-345541,3.558043,3.598473787
HLE,3,BMS-536924,1.897218,2.234894514
HLE,3,BMS-754807,2.84875,2.269193411
HLE,3,Bortezomib,-5.218833,-4.688179016
HLE,3,Bosutinib,2.962906,2.7667377
HLE,3,BPTES,2.828465,3.295698404
HLE,3,Bromosporine,1.985657,2.95131731
HLE,3,Bryostatin 1,-2.253936,-3.055667639
HLE,3,Buparlisib,1.034761,1.174757242
HLE,3,BX-912,1.790105,2.609329939
HLE,3,BX795,1.583717,1.391962171
HLE,3,C-75,4.004943,4.212497234
HLE,3,Cabozantinib,2.453088,2.535875082
HLE,3,Camptothecin,-3.36609,-3.211832523
HLE,3,Capivasertib,4.455625,3.591335058
HLE,3,CAY10566,3.515071,2.571750879
HLE,3,CAY10603,-0.183164,0.466651917
HLE,3,CCT-018159,3.352615,2.318671942
HLE,3,CCT007093,3.844092,5.168406487
HLE,3,CCT245232,-3.438126,-2.852311373
HLE,3,CD532,-0.46308,0.230637074
HLE,3,Cediranib,1.406338,2.314142466
HLE,3,CHIR-99021,3.438106,3.393473864
HLE,3,CI-1033,2.004813,1.982418895
HLE,3,CI-1040,2.180198,1.997564912
HLE,3,Cisplatin,2.622104,2.282691717
HLE,3,CP466722,1.784097,2.399068356
HLE,3,CP724714,3.356968,4.056554317
HLE,3,CPI-613,5.36972,5.18853426
HLE,3,CPI-637,5.260096,4.406891346
HLE,3,Crizotinib,2.928633,2.696795225
HLE,3,CRT0105950,1.2799,2.331649303
HLE,3,CUDC-101,-1.285962,-0.477842867
HLE,3,CX-5461,3.592584,2.463685036
HLE,3,Cyclophosphamide,5.227519,5.150948048
HLE,3,Cytarabine,2.534327,1.030870438
HLE,3,CZC24832,5.819146,4.954154491
HLE,3,Dabrafenib,5.601671,4.665920734
HLE,3,Dacarbazine,5.114597,5.416829109
HLE,3,Dacinostat,-2.76111,-3.093158007
HLE,3,Dactinomycin,-4.427457,-5.045247555
HLE,3,Dactolisib,-0.62038,-1.299660444
HLE,3,Daporinad,-5.430862,-4.098931313
HLE,3,Dasatinib,0.806491,-0.146460593
HLE,3,Dihydrorotenone,1.31454,0.608746111
HLE,3,Dinaciclib,-3.588375,-2.651860714
HLE,3,DMOG,4.05542,5.303641319
HLE,3,Docetaxel,-4.782391,-3.764642477
HLE,3,Doramapimod,5.618245,5.288253784
HLE,3,Doxorubicin,-3.058938,-1.910686612
HLE,3,EHT-1864,4.484787,3.381917953
HLE,3,Elephantin,3.02526,3.872426271
HLE,3,Elesclomol,-4.586152,-4.16189146
HLE,3,Embelin,1.933319,2.277923822
HLE,3,Entinostat,3.053579,2.633446932
HLE,3,Entospletinib,2.861308,3.738837242
HLE,3,Enzastaurin,3.495725,3.453379869
HLE,3,Epirubicin,-1.635852,-1.910686612
HLE,3,Epothilone B,-7.502716,-7.270746708
HLE,3,EPZ004777,5.539148,5.206075668
HLE,3,EPZ5676,5.590459,5.622300148
HLE,3,Erlotinib,2.863954,2.959046602
HLE,3,Etoposide,-0.488068,-0.426912367
HLE,3,ETP-45835,5.605751,4.8244977
HLE,3,Fedratinib,4.429739,2.242705107
HLE,3,FH535,0.876166,1.253902555
HLE,3,Flavopiridol,-1.599213,-0.933803737
HLE,3,Fludarabine,6.051042,4.882705212
HLE,3,FMK,5.514577,4.648638725
HLE,3,Foretinib,1.819798,1.007060885
HLE,3,FR-180204,5.05743,4.661352634
HLE,3,FTI-277,2.206637,1.594041467
HLE,3,FTY-720,2.804553,2.046132326
HLE,3,Fulvestrant,3.474726,4.54013586
HLE,3,Gallibiscoquinazole,2.889136,2.194686651
HLE,3,GDC0810,5.288375,4.927975655
HLE,3,Gefitinib,3.897607,3.296129465
HLE,3,Gemcitabine,-2.685763,-2.61470437
HLE,3,glutathione,9.596156,9.093463898
HLE,3,GNE-317,1.252014,1.311141491
HLE,3,GSK-J4,2.726897,2.255013227
HLE,3,GSK-LSD1,2.904599,2.300388336
HLE,3,GSK1059615,-1.592383,-0.290137261
HLE,3,GSK1070916,0.173284,1.029606581
HLE,3,GSK1904529A,2.886846,4.175068855
HLE,3,GSK2110183B,4.621757,4.042340755
HLE,3,GSK2578215A,4.784005,4.838139057
HLE,3,GSK2606414,3.139338,3.708745003
HLE,3,GSK269962A,1.314034,1.64600122
HLE,3,GSK2801,4.80018,4.807358742
HLE,3,GSK2830371,5.618245,5.43204546
HLE,3,GSK343,5.600988,4.592131138
HLE,3,GSK429286A,3.725437,4.235138893
HLE,3,GSK591,4.412477,4.410991192
HLE,3,GSK650394,0.088541,1.665022969
HLE,3,GSK690693,4.788579,4.455643177
HLE,3,GW-2580,4.821811,4.891455173
HLE,3,GW441756,3.229548,3.194333792
HLE,3,HG6-64-1,-0.065031,-0.694033563
HLE,3,I-BET-151,1.113491,1.038036227
HLE,3,I-BET-762,3.323396,3.692216396
HLE,3,I-BRD9,4.481404,4.816244602
HLE,3,I-CBP112,4.786738,4.232178688
HLE,3,Ibrutinib,4.063595,5.209264278
HLE,3,IC-87114,5.605751,4.850036144
HLE,3,ICL-SIRT078,5.264837,4.538238049
HLE,3,Idelalisib,5.225795,4.436430454
HLE,3,IMD-0354,-0.08072,0.415320724
HLE,3,IOX2,-0.084328,0.129513144
HLE,3,IPA-3,1.651544,3.035269022
HLE,3,Ipatasertib,4.538596,4.323688984
HLE,3,Irinotecan,2.000251,1.695340872
HLE,3,Ispinesib Mesylate,-3.075766,-2.493010044
HLE,3,IWP-2,3.039489,2.394526005
HLE,3,JNJ38877605,4.422867,4.030486584
HLE,3,JNK Inhibitor VIII,5.577773,5.119610786
HLE,3,JQ1,2.511501,2.44336009
HLE,3,JQ12,-0.631737,0.201271713
HLE,3,JW-7-24-1,2.360832,1.473783493
HLE,3,kb NB 142-70,2.417656,2.55446887
HLE,3,KIN001-244,2.312111,3.123580694
HLE,3,KIN001-266,2.891308,3.152977228
HLE,3,KIN001-270,4.018741,4.366410732
HLE,3,Kobe2602,4.175376,4.411487103
HLE,3,KU-55933,5.276866,5.106839657
HLE,3,KU-60019,2.316804,2.428060293
HLE,3,L-Oxonoreleagnine,3.388856,3.471112728
HLE,3,Lapatinib,4.351783,4.054163456
HLE,3,LCL161,5.66511,4.443789959
HLE,3,LDN-193189,0.390199,0.840251088
HLE,3,Leflunomide,4.280951,4.81588316
HLE,3,Lenalidomide,3.995996,5.158520222
HLE,3,Lestaurtinib,-0.107518,0.376088083
HLE,3,LFM-A13,4.494372,4.36537075
HLE,3,LGK974,4.691684,3.886734247
HLE,3,LIMK1 inhibitor BMS4,4.413095,4.701533318
HLE,3,Linifanib,1.888461,1.940892935
HLE,3,Linsitinib,4.300304,4.218025684
HLE,3,LJI308,5.618245,5.039054394
HLE,3,LMP744,-1.849701,-1.610954285
HLE,3,Luminespib,-3.473485,-2.324406624
HLE,3,LY2109761,5.348885,5.10782671
HLE,3,Masitinib,4.659132,3.291702271
HLE,3,Methotrexate,2.357235,-0.938825727
HLE,3,MG-132,-1.421128,-1.216427803
HLE,3,Midostaurin,-1.189379,-0.776076019
HLE,3,MIM1,3.131567,3.795991182
HLE,3,MIRA-1,5.214936,5.342352867
HLE,3,Mitomycin-C,-0.44892,-2.364741564
HLE,3,Mitoxantrone,-0.119229,-0.675230205
HLE,3,MK-1775,0.362204,0.162412524
HLE,3,MK-2206,4.646118,3.852535963
HLE,3,MK-8776,4.537834,3.243448973
HLE,3,ML323,4.242756,4.36493063
HLE,3,MN-64,5.60955,4.690804005
HLE,3,Motesanib,5.618245,5.345858097
HLE,3,Mycophenolic acid,1.689133,1.472345948
HLE,3,N-acetyl cysteine,9.884979,9.797288895
HLE,3,Navitoclax,1.339957,2.683399439
HLE,3,Nelarabine,5.961975,5.956141949
HLE,3,NG-25,2.138525,2.360820293
HLE,3,Nilotinib,4.468791,3.564168453
HLE,3,Niraparib,4.975183,3.926967859
HLE,3,NPK76-II-72-1,1.149621,2.851314306
HLE,3,NSC-207895,0.370654,3.380804539
HLE,3,NSC-87877,4.468668,4.600378036
HLE,3,NSC319726,-2.33834,-3.071476698
HLE,3,NU7441,2.649419,3.539977789
HLE,3,NVP-ADW742,4.416467,3.341549635
HLE,3,NVP-BHG712,3.451992,2.954266787
HLE,3,Obatoclax Mesylate,1.123312,0.245864242
HLE,3,OF-1,5.150963,3.589541674
HLE,3,Olaparib,4.57699,3.920571566
HLE,3,Omipalisib,1.042612,-1.838421226
HLE,3,OSI-027,0.37788,2.998147964
HLE,3,OSI-930,4.58131,3.65722847
HLE,3,Osimertinib,1.429523,1.935073853
HLE,3,OSU-03012,1.15286,0.950614333
HLE,3,OTX015,1.874329,2.650405169
HLE,3,Oxaliplatin,6.156706,5.079695225
HLE,3,P22077,4.965274,4.777493477
HLE,3,PAC-1,1.250682,2.045678854
HLE,3,Paclitaxel,-0.455586,-3.144150972
HLE,3,Palbociclib,4.130709,4.017183781
HLE,3,Panobinostat,-2.975087,-2.358679533
HLE,3,Pazopanib,0.53724,2.449102402
HLE,3,PCI-34051,4.88004,4.788824558
HLE,3,PD0325901,2.736201,1.971361518
HLE,3,PD173074,4.093217,3.931929588
HLE,3,Pelitinib,1.505875,1.951070786
HLE,3,Pemetrexed,3.741157,2.487927675
HLE,3,Pevonedistat,-0.33734,0.219653606
HLE,3,PF-00299804,2.562616,1.849916816
HLE,3,PF-4708671,4.093718,3.47957921
HLE,3,PF-562271,1.921473,0.984660745
HLE,3,PFI-1,3.869978,4.040438175
HLE,3,PFI-3,4.622495,4.629616737
HLE,3,PFI3,5.716575,4.629616737
HLE,3,PHA-793887,4.239908,2.670923948
HLE,3,Phenformin,9.714756,8.166715622
HLE,3,PI-103,2.518232,1.795545936
HLE,3,Pictilisib,2.080067,1.840370774
HLE,3,PIK-93,2.191662,3.097753763
HLE,3,Pilaralisib,2.074648,2.906504869
HLE,3,Piperlongumine,0.662989,1.198856354
HLE,3,PLX-4720,4.146515,4.321096897
HLE,3,Podophyllotoxin bromide,-2.030314,-0.804806054
HLE,3,POMHEX,1.224921,1.441705585
HLE,3,Ponatinib,-0.840817,-0.505684793
HLE,3,PRIMA-1MET,2.854093,5.332009792
HLE,3,PRT062607,3.610163,3.623588324
HLE,3,Pyridostatin,4.007247,3.437086582
HLE,3,QL-X-138,1.841137,1.641488791
HLE,3,QL-XI-92,3.941637,3.386870384
HLE,3,QS11,1.953646,2.066006422
HLE,3,Quizartinib,2.633735,1.966644883
HLE,3,Rapamycin,-3.236959,-1.645634055
HLE,3,Refametinib,2.651651,2.791950941
HLE,3,Ribociclib,4.202,3.819294691
HLE,3,RO-3306,3.308295,3.577642202
HLE,3,Romidepsin,-4.467169,-5.185414791
HLE,3,RU-SKI 43,5.605751,4.353425503
HLE,3,Rucaparib,3.527581,3.90826726
HLE,3,Ruxolitinib,5.257481,4.718046665
HLE,3,RVX-208,4.262646,4.789587498
HLE,3,Sabutoclax,-0.782629,-0.228800803
HLE,3,Sapitinib,3.898182,3.018362284
HLE,3,Savolitinib,3.31566,2.366146326
HLE,3,SB216763,4.354505,4.934805393
HLE,3,SB505124,4.409734,4.001183987
HLE,3,SB52334,4.459814,4.272962093
HLE,3,SB590885,4.919462,4.491956711
HLE,3,SCH772984,3.23971,3.005194664
HLE,3,Schweinfurthin A,0.256136,1.496492743
HLE,3,Selisistat,4.309321,5.011690617
HLE,3,Selumetinib,5.799246,4.833681583
HLE,3,Sepantronium bromide,-5.721392,-4.727825642
HLE,3,Serdemetan,4.141982,3.917625666
HLE,3,SGC-CBP30,3.378391,3.976096392
HLE,3,SGC0946,2.139174,1.668781877
HLE,3,Shikonin,-1.775744,-0.515243828
HLE,3,Sinularin,3.106918,3.536028147
HLE,3,SL0101,4.624972,4.12210989
HLE,3,SN-38,-4.482747,-4.739346027
HLE,3,SNX-2112,-2.549515,-1.208559394
HLE,3,Sorafenib,2.552102,2.41113019
HLE,3,Sphingosine Kinase 1 Inhibitor II,3.144161,3.024917364
HLE,3,Staurosporine,-3.148298,-3.371598005
HLE,3,STF-62247,3.547056,4.186472416
HLE,3,SU11274,4.788525,3.378600359
HLE,3,T0901317,4.93632,4.022120953
HLE,3,TAK-715,5.081616,3.981719017
HLE,3,Talazoparib,4.132513,2.207920313
HLE,3,Tamoxifen,3.884446,3.858752966
HLE,3,Tanespimycin,-0.358091,-0.605302274
HLE,3,Taselisib,3.82378,2.948173523
HLE,3,Telomerase Inhibitor IX,-0.253647,0.803464592
HLE,3,Temozolomide,6.191981,6.437302113
HLE,3,Temsirolimus,0.011597,1.514337182
HLE,3,Teniposide,-1.254616,-0.395267487
HLE,3,Tenovin-6,2.566014,1.897218108
HLE,3,Thapsigargin,-4.991529,-6.308983326
HLE,3,Tipifarnib,-1.191148,0.099272959
HLE,3,Tivozanib,0.307075,0.267237663
HLE,3,Topotecan,-1.031828,-1.236771703
HLE,3,Torin 2,-0.52408,-1.125464439
HLE,3,TPCA-1,2.777222,3.004374981
HLE,3,Trametinib,1.450184,0.950100243
HLE,3,Tretinoin,4.884329,3.70731926
HLE,3,Trichostatin A,-2.014648,-1.511795163
HLE,3,Tubastatin A,4.008326,4.323304653
HLE,3,TW 37,0.822962,0.262565643
HLE,3,TWS119,1.268043,2.067135096
HLE,3,Ulixertinib,0.024338,2.652620792
HLE,3,UMI-77,2.164365,2.628145933
HLE,3,UNC0379,4.176646,3.582481861
HLE,3,UNC0638,4.632587,4.689381123
HLE,3,UNC0642,1.75479,1.23863554
HLE,3,UNC1215,2.288538,2.080336332
HLE,3,Uprosertib,5.334967,4.192196369
HLE,3,VE-822,3.565192,3.255701065
HLE,3,VE821,4.894031,4.25972271
HLE,3,Veliparib,4.076549,5.041378498
HLE,3,Venetoclax,3.450881,3.090727091
HLE,3,Vinblastine,-4.152616,-4.092942238
HLE,3,Vinorelbine,-3.907164,-3.30612874
HLE,3,Vismodegib,4.131421,4.917434692
HLE,3,VNLG/124,2.740901,3.507958412
HLE,3,Vorinostat,2.471981,1.507976413
HLE,3,Voxtalisib,4.37027,4.090999126
HLE,3,VX-11e,3.33781,3.032191515
HLE,3,VX-702,2.977089,2.405778646
HLE,3,Wee1 Inhibitor,2.290631,1.741530061
HLE,3,WEHI-539,3.795315,3.766916752
HLE,3,WHI-P97,3.335544,3.833608866
HLE,3,WIKI4,3.773458,3.567578554
HLE,3,Wnt-C59,2.844177,3.938589811
HLE,3,WYE-125132,0.875674,-0.257035136
HLE,3,WZ3105,1.914103,0.665423393
HLE,3,WZ4003,3.639677,4.228091717
HLE,3,XAV939,5.327325,4.048036575
HLE,3,XMD13-2,4.93632,3.256739855
HLE,3,XMD14-99,4.689247,4.015497684
HLE,3,Y-39983,3.390139,3.7536695
HLE,3,YK-4-279,1.946149,2.010695457
HLE,3,YM201636,1.242871,2.47512126
HLE,3,Zibotentan,5.548702,5.128942013
HLE,3,ZM447439,2.240352,2.861969471
HLE,3,Zoledronate,4.175757,3.780087709
HLE,3,ZSTK474,1.13532,1.93693316
