cell_name,drug_name,IC50,test_pred
NIH:OVCAR-3,17-AAG,-1.402700757,-0.235149026
NIH:OVCAR-3,AEW541,2.079441542,3.265873671
NIH:OVCAR-3,AZD0530,0.309709169,1.699290514
NIH:OVCAR-3,AZD6244,2.079441542,4.35594368
NIH:OVCAR-3,Erlotinib,2.079441542,2.591488123
NIH:OVCAR-3,Irinotecan,-1.058273935,2.143255949
NIH:OVCAR-3,L-685458,2.079441542,3.004013777
NIH:OVCAR-3,Lapatinib,1.632711906,3.089874268
NIH:OVCAR-3,LBW242,2.079441542,5.11555624
NIH:OVCAR-3,Nilotinib,2.079441542,2.974509001
NIH:OVCAR-3,Nutlin-3,2.079441542,3.935162306
NIH:OVCAR-3,Paclitaxel,-5.444235097,-3.71160388
NIH:OVCAR-3,Panobinostat,-3.026949315,-2.641550303
NIH:OVCAR-3,PD-0325901,2.079441542,1.778928518
NIH:OVCAR-3,PD-0332991,2.079441542,3.218608856
NIH:OVCAR-3,PF2341066,2.079441542,2.985805988
NIH:OVCAR-3,PHA-665752,2.079441542,3.049387693
NIH:OVCAR-3,PLX4720,2.079441542,4.29296875
NIH:OVCAR-3,RAF265,0.750208593,3.920418978
NIH:OVCAR-3,Sorafenib,0.707036052,2.498833895
NIH:OVCAR-3,TAE684,0.895991991,0.522825897
NIH:OVCAR-3,TKI258,2.079441542,4.004980564
NIH:OVCAR-3,Topotecan,0.268631736,-0.226050913
NIH:OVCAR-3,ZD-6474,0.281658531,3.051354647
HEL 92.1.7,17-AAG,0.480486164,-0.512324154
HEL 92.1.7,AEW541,2.079441542,1.835076928
HEL 92.1.7,AZD0530,2.079441542,1.690709114
HEL 92.1.7,AZD6244,2.079441542,3.563395023
HEL 92.1.7,Erlotinib,2.079441542,2.267194986
HEL 92.1.7,L-685458,2.079441542,1.282405376
HEL 92.1.7,Lapatinib,2.079441542,2.626767874
HEL 92.1.7,LBW242,2.079441542,3.684693575
HEL 92.1.7,Nilotinib,2.079441542,0.881231487
HEL 92.1.7,Nutlin-3,2.079441542,2.74217844
HEL 92.1.7,Paclitaxel,-2.812514036,-4.118893623
HEL 92.1.7,Panobinostat,-2.82704626,-4.419950008
HEL 92.1.7,PD-0325901,2.079441542,1.170754313
HEL 92.1.7,PD-0332991,2.079441542,1.449763894
HEL 92.1.7,PF2341066,2.079441542,0.920217454
HEL 92.1.7,PHA-665752,2.079441542,2.246754408
HEL 92.1.7,PLX4720,2.079441542,2.806829214
HEL 92.1.7,RAF265,1.828299237,2.649590015
HEL 92.1.7,Sorafenib,2.079441542,0.738080144
HEL 92.1.7,TAE684,2.079441542,0.476206422
HEL 92.1.7,TKI258,2.079441542,2.39960885
HEL 92.1.7,Topotecan,-0.792637833,-1.835182071
HEL 92.1.7,ZD-6474,2.079441542,2.566501379
LS513,17-AAG,-3.537360222,-0.39144814
LS513,AEW541,-0.617375146,2.882076025
LS513,AZD0530,2.079441542,3.465586901
LS513,AZD6244,-0.829060622,0.098883279
LS513,Erlotinib,2.079441542,3.655138254
LS513,Irinotecan,-1.518989527,2.879529238
LS513,L-685458,0.765371087,4.141658783
LS513,Lapatinib,1.057982126,3.626455545
LS513,LBW242,2.079441542,6.149580956
LS513,Nilotinib,2.079441542,3.341915131
LS513,Nutlin-3,2.079441542,4.863832474
LS513,Paclitaxel,-3.972590594,-1.839058995
LS513,Panobinostat,-2.922074293,-2.994053602
LS513,PD-0325901,-3.44595759,-2.871358156
LS513,PD-0332991,1.510294741,4.048104763
LS513,PF2341066,1.981440983,2.591136217
LS513,PHA-665752,2.079441542,3.888921976
LS513,PLX4720,2.079441542,4.307712078
LS513,RAF265,0.080030261,4.129394531
LS513,Sorafenib,2.079441542,2.755344152
LS513,TAE684,-1.855213107,2.182380438
LS513,TKI258,-0.050401233,4.655283451
LS513,Topotecan,-0.332330208,1.244659424
LS513,ZD-6474,2.079441542,4.115833759
C2BBe1,17-AAG,-0.252240662,0.565432608
C2BBe1,AEW541,1.130781615,3.504173756
C2BBe1,AZD0530,-0.014839479,2.150586605
C2BBe1,AZD6244,2.079441542,5.209631443
C2BBe1,Erlotinib,2.079441542,3.727483034
C2BBe1,L-685458,2.079441542,3.456732035
C2BBe1,Lapatinib,1.410827139,4.356483936
C2BBe1,LBW242,2.079441542,4.913025856
C2BBe1,Nilotinib,1.920009179,3.993920088
C2BBe1,Nutlin-3,2.079441542,4.335356236
C2BBe1,Paclitaxel,2.079441542,-1.300130367
C2BBe1,Panobinostat,-2.910645172,-1.852377534
C2BBe1,PD-0325901,2.079441542,2.717020035
C2BBe1,PD-0332991,2.079441542,4.762937069
C2BBe1,PF2341066,2.079441542,3.435744524
C2BBe1,PHA-665752,2.079441542,2.574015617
C2BBe1,PLX4720,2.079441542,4.776596546
C2BBe1,RAF265,2.079441542,3.539667368
C2BBe1,Sorafenib,2.079441542,2.757768393
C2BBe1,TAE684,0.446936001,0.618813217
C2BBe1,TKI258,2.079441542,3.633116722
C2BBe1,Topotecan,1.481076651,1.69077003
C2BBe1,ZD-6474,0.376901649,3.625458717
ONCO-DG-1,17-AAG,-1.550757702,0.069267757
ONCO-DG-1,AEW541,2.079441542,2.777720213
ONCO-DG-1,AZD0530,0.798813254,1.516536713
ONCO-DG-1,AZD6244,2.079441542,4.061999798
ONCO-DG-1,Erlotinib,2.075916038,3.116487741
ONCO-DG-1,Irinotecan,-0.562164839,2.194204092
ONCO-DG-1,L-685458,2.079441542,2.796092987
ONCO-DG-1,Lapatinib,2.079441542,3.106678247
ONCO-DG-1,LBW242,2.079441542,4.913047791
ONCO-DG-1,Nilotinib,2.079441542,2.866583109
ONCO-DG-1,Nutlin-3,2.079441542,3.302997351
ONCO-DG-1,Paclitaxel,-4.581870055,-3.52755928
ONCO-DG-1,Panobinostat,-2.275696143,-3.006901026
ONCO-DG-1,PD-0325901,2.079441542,1.784104824
ONCO-DG-1,PD-0332991,2.079441542,3.247932673
ONCO-DG-1,PF2341066,2.079441542,2.660134077
ONCO-DG-1,PHA-665752,2.079441542,2.616261721
ONCO-DG-1,PLX4720,2.079441542,3.835225105
ONCO-DG-1,RAF265,0.519919939,3.632610083
ONCO-DG-1,Sorafenib,2.079441542,2.476072311
ONCO-DG-1,TAE684,1.36209951,0.735791802
ONCO-DG-1,TKI258,2.079441542,3.502352476
ONCO-DG-1,Topotecan,-0.607451437,-0.035824887
ONCO-DG-1,ZD-6474,1.497928524,3.326497316
NCI-H1581,17-AAG,-0.501823701,0.370539606
NCI-H1581,AEW541,2.079441542,2.281429529
NCI-H1581,AZD0530,2.079441542,2.42732954
NCI-H1581,AZD6244,2.079441542,4.825750828
NCI-H1581,Erlotinib,2.079441542,3.377613068
NCI-H1581,L-685458,2.079441542,2.392198086
NCI-H1581,Lapatinib,2.079441542,3.472638607
NCI-H1581,LBW242,2.079441542,4.39702177
NCI-H1581,Nilotinib,2.079441542,2.491131783
NCI-H1581,Nutlin-3,2.079441542,3.522217035
NCI-H1581,Paclitaxel,-4.678050282,-4.516338825
NCI-H1581,Panobinostat,-3.079947469,-3.515780687
NCI-H1581,PD-0325901,2.079441542,2.220494509
NCI-H1581,PD-0332991,2.079441542,3.184007406
NCI-H1581,PF2341066,2.079441542,1.609879136
NCI-H1581,PHA-665752,2.079441542,2.74742651
NCI-H1581,PLX4720,2.079441542,3.629367113
NCI-H1581,RAF265,0.962293308,3.244749546
NCI-H1581,Sorafenib,2.079441542,2.02777195
NCI-H1581,TAE684,2.079441542,0.296783417
NCI-H1581,TKI258,0.201414671,3.310045004
NCI-H1581,Topotecan,-0.283763009,-0.374394
NCI-H1581,ZD-6474,2.079441542,3.286235571
SK-BR-3,17-AAG,-3.308961049,0.923679292
SK-BR-3,AEW541,2.079441542,3.543659449
SK-BR-3,AZD0530,2.079441542,4.000550747
SK-BR-3,AZD6244,2.079441542,4.952570438
SK-BR-3,Erlotinib,2.079441542,3.600082159
SK-BR-3,Irinotecan,-2.715872929,2.572732925
SK-BR-3,L-685458,2.079441542,3.649220705
SK-BR-3,Lapatinib,-1.627643452,3.618665695
SK-BR-3,LBW242,2.079441542,4.818277359
SK-BR-3,Nilotinib,2.079441542,3.130068064
SK-BR-3,Nutlin-3,2.079441542,4.745207787
SK-BR-3,Paclitaxel,-4.504016477,-2.028283834
SK-BR-3,Panobinostat,-3.448830173,-3.679695606
SK-BR-3,PD-0325901,2.079441542,3.044160366
SK-BR-3,PD-0332991,2.079441542,4.08447361
SK-BR-3,PF2341066,2.079441542,3.488159895
SK-BR-3,PHA-665752,2.079441542,3.364688635
SK-BR-3,PLX4720,2.079441542,4.949192524
SK-BR-3,RAF265,1.085633318,4.086639404
SK-BR-3,Sorafenib,2.079441542,1.865663648
SK-BR-3,TAE684,2.079441542,2.589392185
SK-BR-3,TKI258,2.079441542,4.122252941
SK-BR-3,Topotecan,-2.766735899,0.57956785
SK-BR-3,ZD-6474,2.079441542,4.066083431
T24,17-AAG,-1.613694971,0.090641029
T24,AEW541,2.079441542,3.59099555
T24,AZD0530,1.458156866,1.144753456
T24,AZD6244,2.079441542,4.826264858
T24,Erlotinib,2.057727647,3.618387461
T24,Irinotecan,-2.737502375,2.478696585
T24,L-685458,2.079441542,3.080920458
T24,Lapatinib,2.079441542,4.319283962
T24,LBW242,2.079441542,4.782749653
T24,Nilotinib,2.079441542,4.109924316
T24,Nutlin-3,2.079441542,3.84346199
T24,Paclitaxel,-4.005280449,-2.949708223
T24,Panobinostat,-2.714966619,-2.727642298
T24,PD-0325901,2.079441542,2.503856421
T24,PD-0332991,2.079441542,4.22994566
T24,PF2341066,1.790278827,3.439937353
T24,PHA-665752,2.079441542,2.572598696
T24,PLX4720,1.464700913,3.894379377
T24,RAF265,-1.675418636,3.575614691
T24,Sorafenib,2.079441542,3.072789669
T24,TAE684,1.464117241,0.285781622
T24,TKI258,0.969605683,3.481867313
T24,Topotecan,-1.754055704,0.081276305
T24,ZD-6474,2.079441542,3.198145628
MCF7,17-AAG,-3.9759729,0.00741861
MCF7,AEW541,-0.333996086,3.678511858
MCF7,AZD0530,2.079441542,3.518704176
MCF7,AZD6244,2.079441542,3.344310522
MCF7,Erlotinib,2.079441542,3.93195653
MCF7,Irinotecan,-0.9110312,3.558028936
MCF7,L-685458,2.079441542,3.975126982
MCF7,Lapatinib,1.045631207,3.862519026
MCF7,LBW242,2.079441542,5.447534561
MCF7,Nilotinib,2.079441542,3.087367773
MCF7,Nutlin-3,2.079441542,4.511616707
MCF7,Paclitaxel,-5.991464547,-1.879269719
MCF7,PD-0325901,2.079441542,0.762936413
MCF7,PD-0332991,2.079441542,4.251746655
MCF7,PF2341066,-2.098896243,3.851995707
MCF7,PHA-665752,2.079441542,3.668505907
MCF7,PLX4720,2.079441542,4.761446476
MCF7,RAF265,0.928869689,4.174594402
MCF7,Sorafenib,2.079441542,2.274224758
MCF7,TAE684,-1.127340561,2.036894083
MCF7,TKI258,1.873677981,4.209888935
MCF7,Topotecan,-0.355825189,1.769406676
MCF7,ZD-6474,2.079441542,4.049818516
NCI-H1693,17-AAG,2.079441542,0.564273179
NCI-H1693,AEW541,2.079441542,3.608493805
NCI-H1693,AZD0530,2.079441542,2.204493761
NCI-H1693,AZD6244,2.079441542,4.194645405
NCI-H1693,Erlotinib,2.079441542,2.948398352
NCI-H1693,Irinotecan,-1.160322401,3.143698692
NCI-H1693,L-685458,2.079441542,3.52147913
NCI-H1693,Lapatinib,2.079441542,4.24492836
NCI-H1693,LBW242,2.079441542,5.066716194
NCI-H1693,Nilotinib,2.079441542,4.279329777
NCI-H1693,Nutlin-3,2.079441542,4.545588493
NCI-H1693,Paclitaxel,-3.000112191,-1.0496943
NCI-H1693,Panobinostat,-2.832069565,-2.017058611
NCI-H1693,PD-0325901,2.079441542,1.352023721
NCI-H1693,PD-0332991,2.079441542,4.040688038
NCI-H1693,PF2341066,2.079441542,3.66588378
NCI-H1693,PHA-665752,2.079441542,2.678687811
NCI-H1693,PLX4720,2.079441542,5.458414555
NCI-H1693,RAF265,1.809151666,3.593178988
NCI-H1693,Sorafenib,2.079441542,2.875402212
NCI-H1693,TAE684,1.766821331,0.986061633
NCI-H1693,TKI258,2.079441542,3.847205877
NCI-H1693,Topotecan,-1.087230945,0.811367095
NCI-H1693,ZD-6474,1.013893775,3.30189085
OPM-2,17-AAG,-0.405873931,-0.033739738
OPM-2,AEW541,2.079441542,2.003873348
OPM-2,AZD0530,2.079441542,2.842709064
OPM-2,AZD6244,2.079441542,3.651762009
OPM-2,Erlotinib,2.079441542,2.878121376
OPM-2,Irinotecan,-2.825126024,1.523420095
OPM-2,L-685458,2.079441542,1.85101831
OPM-2,Lapatinib,2.079441542,2.924100637
OPM-2,LBW242,2.079441542,4.2652421
OPM-2,Nilotinib,2.079441542,1.70415616
OPM-2,Nutlin-3,2.079441542,3.169469118
OPM-2,Paclitaxel,-1.393237855,-4.358393669
OPM-2,Panobinostat,-5.991464547,-3.895165682
OPM-2,PD-0325901,2.079441542,1.229961634
OPM-2,PD-0332991,2.079441542,1.685416102
OPM-2,PF2341066,2.079441542,1.166981101
OPM-2,PHA-665752,2.079441542,2.544254065
OPM-2,PLX4720,2.079441542,3.356609821
OPM-2,RAF265,2.079441542,3.044032097
OPM-2,Sorafenib,2.079441542,1.341046691
OPM-2,TAE684,2.079441542,0.636998236
OPM-2,TKI258,2.079441542,3.037570238
OPM-2,Topotecan,-1.804565307,-1.1897856
OPM-2,ZD-6474,2.079441542,2.928219557
PC-14,17-AAG,-2.291196174,-0.034804843
PC-14,AEW541,1.153302065,3.513298035
PC-14,AZD0530,-1.173886811,1.875863552
PC-14,AZD6244,2.079441542,3.178663015
PC-14,Erlotinib,-2.739253634,2.711523294
PC-14,L-685458,0.994983417,4.035197735
PC-14,Lapatinib,0.765309187,3.157876492
PC-14,LBW242,2.079441542,5.731712341
PC-14,Nutlin-3,2.079441542,4.61892271
PC-14,Paclitaxel,-5.508892729,-2.168360949
PC-14,Panobinostat,-2.550349669,-2.635040998
PC-14,PD-0325901,2.079441542,0.342017949
PC-14,PF2341066,2.079441542,3.432678461
PC-14,PHA-665752,2.079441542,3.043002129
PC-14,PLX4720,2.079441542,4.154980659
PC-14,Sorafenib,2.079441542,3.173375845
PC-14,TAE684,0.68647248,0.935323894
PC-14,TKI258,1.421826165,4.320255756
PC-14,Topotecan,-0.828845555,0.165141076
PC-14,ZD-6474,-1.487052378,2.941460133
NCI-H1650,17-AAG,-3.484746113,-0.197341502
NCI-H1650,AEW541,2.079441542,3.280816078
NCI-H1650,AZD0530,-0.704507198,1.343779922
NCI-H1650,AZD6244,2.079441542,4.302392483
NCI-H1650,Erlotinib,2.079441542,2.484097242
NCI-H1650,L-685458,2.013193784,3.385621309
NCI-H1650,Lapatinib,1.639472068,3.183749914
NCI-H1650,LBW242,2.079441542,5.213790417
NCI-H1650,Nilotinib,2.079441542,3.72687459
NCI-H1650,Nutlin-3,2.079441542,4.110790253
NCI-H1650,Paclitaxel,-4.615020845,-2.151971102
NCI-H1650,Panobinostat,-1.73241095,-2.227199793
NCI-H1650,PD-0325901,2.079441542,1.549814224
NCI-H1650,PD-0332991,2.079441542,4.222979069
NCI-H1650,PF2341066,2.079441542,3.098582745
NCI-H1650,PHA-665752,2.079441542,2.939523935
NCI-H1650,PLX4720,2.079441542,4.306900501
NCI-H1650,RAF265,0.480040669,3.939406633
NCI-H1650,Sorafenib,2.079441542,2.910461426
NCI-H1650,TAE684,2.079441542,0.519324481
NCI-H1650,TKI258,1.926184601,3.917513847
NCI-H1650,Topotecan,0.55867775,0.413423538
NCI-H1650,ZD-6474,-0.010983664,2.532881975
U-118 MG,17-AAG,-2.029815262,-0.582299352
U-118 MG,AEW541,2.079441542,3.649883986
U-118 MG,AZD0530,2.079441542,2.1644485
U-118 MG,AZD6244,2.079441542,4.633503437
U-118 MG,Erlotinib,2.079441542,4.247868061
U-118 MG,Irinotecan,-1.654495897,2.405643225
U-118 MG,L-685458,2.079441542,3.558705568
U-118 MG,Lapatinib,2.079441542,4.511706829
U-118 MG,LBW242,2.079441542,5.305731773
U-118 MG,Nilotinib,2.079441542,4.273966312
U-118 MG,Nutlin-3,2.079441542,4.155036449
U-118 MG,Paclitaxel,-4.909398801,-2.473483801
U-118 MG,Panobinostat,-2.880413106,-2.816969633
U-118 MG,PD-0325901,2.079441542,1.6912359
U-118 MG,PD-0332991,2.079441542,4.148719311
U-118 MG,PF2341066,2.079441542,3.503049612
U-118 MG,PHA-665752,2.079441542,2.821498871
U-118 MG,PLX4720,2.079441542,4.163145065
U-118 MG,RAF265,2.079441542,3.994637251
U-118 MG,Sorafenib,2.079441542,3.308328152
U-118 MG,TAE684,1.626645031,0.932154417
U-118 MG,TKI258,2.076883797,3.865295649
U-118 MG,Topotecan,-1.0907488,-0.001092069
U-118 MG,ZD-6474,2.079441542,3.922652483
Panc 02.03,17-AAG,-2.495461901,0.306578666
Panc 02.03,AEW541,0.960388635,3.642037153
Panc 02.03,AZD0530,0.941969841,1.557483792
Panc 02.03,AZD6244,-1.894431715,2.289160967
Panc 02.03,Erlotinib,1.439676647,2.972273827
Panc 02.03,Irinotecan,-0.825143382,2.963500738
Panc 02.03,L-685458,2.079441542,3.946348429
Panc 02.03,Lapatinib,1.648136132,3.37288785
Panc 02.03,LBW242,2.079441542,5.617274761
Panc 02.03,Nilotinib,2.079441542,4.379722595
Panc 02.03,Nutlin-3,2.079441542,4.563144207
Panc 02.03,Paclitaxel,-4.107190621,-1.227379322
Panc 02.03,Panobinostat,-2.994136507,-2.502774477
Panc 02.03,PD-0325901,-3.924354578,-0.432270974
Panc 02.03,PD-0332991,2.079441542,4.318952084
Panc 02.03,PF2341066,1.70667993,3.276525736
Panc 02.03,PHA-665752,2.079441542,3.41380167
Panc 02.03,PLX4720,2.079441542,5.334971905
Panc 02.03,RAF265,1.487482478,4.332446575
Panc 02.03,Sorafenib,1.741213242,3.698591471
Panc 02.03,TAE684,1.412977798,1.000561714
Panc 02.03,TKI258,2.079441542,4.447775841
Panc 02.03,Topotecan,0.166660066,-0.320148349
Panc 02.03,ZD-6474,0.763573382,2.694980383
Hs 895.T,17-AAG,-0.565160356,-0.73006624
Hs 895.T,AEW541,0.785641301,3.750904799
Hs 895.T,AZD0530,2.079441542,2.132809401
Hs 895.T,AZD6244,2.079441542,3.570021868
Hs 895.T,Erlotinib,2.079441542,3.793633223
Hs 895.T,L-685458,2.079441542,3.061993361
Hs 895.T,Lapatinib,2.079441542,4.083451271
Hs 895.T,LBW242,2.079441542,5.131403923
Hs 895.T,Nilotinib,1.551879167,3.897991896
Hs 895.T,Nutlin-3,2.079441542,3.342144012
Hs 895.T,Paclitaxel,2.079441542,-2.905317545
Hs 895.T,Panobinostat,-2.62778846,-1.920757413
Hs 895.T,PD-0325901,-0.332926569,1.299126983
Hs 895.T,PD-0332991,-0.806523808,3.368151903
Hs 895.T,PF2341066,1.39300746,3.215624571
Hs 895.T,PHA-665752,2.079441542,3.089088678
Hs 895.T,PLX4720,1.967646085,3.303475618
Hs 895.T,RAF265,-1.784149447,3.99175334
Hs 895.T,Sorafenib,2.079441542,3.131121635
Hs 895.T,TAE684,0.388960631,1.034294248
Hs 895.T,TKI258,0.546241793,3.900591612
Hs 895.T,Topotecan,1.506976598,0.507487059
Hs 895.T,ZD-6474,2.079441542,3.76614666
ACHN,17-AAG,-0.388223224,-0.654800773
ACHN,AEW541,2.037695847,3.339873075
ACHN,AZD0530,1.475438838,1.681076646
ACHN,AZD6244,2.079441542,3.624322176
ACHN,Erlotinib,1.608856002,3.604326487
ACHN,L-685458,2.079441542,2.455832958
ACHN,Lapatinib,2.079441542,4.128844261
ACHN,LBW242,2.079441542,5.187915325
ACHN,Nutlin-3,2.079441542,3.667719364
ACHN,Paclitaxel,-2.352182521,-2.859533548
ACHN,Panobinostat,-3.084940083,-2.158727407
ACHN,PD-0325901,2.079441542,1.045260668
ACHN,PF2341066,2.079441542,2.693083286
ACHN,PHA-665752,2.079441542,2.559653521
ACHN,PLX4720,2.079441542,3.669905186
ACHN,RAF265,-1.146819329,3.687855959
ACHN,Sorafenib,2.079441542,3.2336061
ACHN,TAE684,1.085341423,0.373658061
ACHN,TKI258,1.629210414,3.607574701
ACHN,Topotecan,-2.281871587,-1.085976481
ACHN,ZD-6474,0.664658727,3.492623091
TOV-112D,17-AAG,-0.959574436,0.226312459
TOV-112D,AEW541,2.079441542,1.786010861
TOV-112D,AZD0530,2.079441542,2.140093565
TOV-112D,AZD6244,2.079441542,3.886879444
TOV-112D,Erlotinib,2.079441542,3.276074886
TOV-112D,Irinotecan,-2.086254497,1.636468053
TOV-112D,L-685458,2.079441542,2.196663618
TOV-112D,Lapatinib,2.079441542,3.394927979
TOV-112D,LBW242,2.079441542,4.642252922
TOV-112D,Nilotinib,2.079441542,2.73353076
TOV-112D,Nutlin-3,2.079441542,3.330401659
TOV-112D,Paclitaxel,-5.249539774,-3.807577848
TOV-112D,Panobinostat,-2.800439639,-3.739603758
TOV-112D,PD-0325901,2.079441542,1.809633255
TOV-112D,PD-0332991,2.079441542,3.0480268
TOV-112D,PF2341066,2.079441542,1.154734015
TOV-112D,PHA-665752,2.079441542,2.716879845
TOV-112D,PLX4720,2.079441542,3.881629705
TOV-112D,RAF265,1.075033692,3.166593313
TOV-112D,Sorafenib,1.966739767,1.802595973
TOV-112D,TAE684,0.790226075,0.216278195
TOV-112D,TKI258,1.318748584,3.11418581
TOV-112D,Topotecan,-1.657952329,-0.845372736
TOV-112D,ZD-6474,1.865812734,3.276139021
TE 617.T,17-AAG,-3.363418708,0.287829697
TE 617.T,AEW541,1.969280764,3.00066185
TE 617.T,AZD0530,-0.985674112,2.015063047
TE 617.T,AZD6244,-0.076578562,4.416163921
TE 617.T,Erlotinib,0.416965208,3.347462177
TE 617.T,Irinotecan,-2.570058803,1.511424422
TE 617.T,L-685458,2.079441542,2.736264944
TE 617.T,Lapatinib,-1.414990184,3.481056452
TE 617.T,LBW242,2.079441542,4.985116482
TE 617.T,Nilotinib,0.857956172,3.44310689
TE 617.T,Nutlin-3,1.140782175,3.518301725
TE 617.T,Paclitaxel,-5.791304055,-3.518424749
TE 617.T,Panobinostat,-3.715987212,-2.868605852
TE 617.T,PD-0325901,0.004885047,2.416830778
TE 617.T,PD-0332991,0.012089785,3.462102652
TE 617.T,PF2341066,0.49898177,2.665407419
TE 617.T,PHA-665752,2.079441542,2.549042225
TE 617.T,PLX4720,2.079441542,3.949785709
TE 617.T,RAF265,-0.104506243,3.42150712
TE 617.T,Sorafenib,1.750875838,2.239385843
TE 617.T,TAE684,0.347391646,0.29422313
TE 617.T,TKI258,1.607903609,3.518473148
TE 617.T,Topotecan,-2.447917155,-0.819369853
TE 617.T,ZD-6474,-0.003640714,3.424834251
A-673,17-AAG,-1.618718282,0.448504269
A-673,AEW541,0.120159944,2.558340788
A-673,AZD0530,2.079441542,2.344868898
A-673,AZD6244,2.079441542,4.660582066
A-673,Erlotinib,2.079441542,3.597462893
A-673,L-685458,2.079441542,3.199271917
A-673,Lapatinib,2.079441542,3.904758453
A-673,LBW242,2.079441542,5.099956036
A-673,Nutlin-3,2.079441542,3.926738024
A-673,Paclitaxel,-5.991464547,-3.303184748
A-673,Panobinostat,-3.305965578,-2.891431093
A-673,PD-0325901,2.079441542,2.288544655
A-673,PD-0332991,2.079441542,3.447742224
A-673,PF2341066,0.819474874,2.762415886
A-673,PHA-665752,2.079441542,2.635059118
A-673,PLX4720,2.079441542,4.627058029
A-673,RAF265,-0.211101761,3.498445988
A-673,Sorafenib,2.079441542,2.442497969
A-673,TAE684,0.218229612,0.558172345
A-673,TKI258,2.079441542,3.601607084
A-673,Topotecan,-3.297624108,-0.620720148
A-673,ZD-6474,1.598148825,3.656473398
KARPAS-299,17-AAG,-1.563707692,-1.060869575
KARPAS-299,AEW541,2.079441542,1.368232012
KARPAS-299,AZD0530,2.079441542,2.001634598
KARPAS-299,AZD6244,2.079441542,3.028167486
KARPAS-299,Erlotinib,2.079441542,2.357435465
KARPAS-299,L-685458,2.079441542,1.16652
KARPAS-299,Lapatinib,2.079441542,2.496454477
KARPAS-299,LBW242,2.079441542,3.507303953
KARPAS-299,Nilotinib,2.079441542,1.219462037
KARPAS-299,Nutlin-3,2.079441542,2.180276155
KARPAS-299,Paclitaxel,-4.109909652,-4.695026875
KARPAS-299,Panobinostat,-2.776152633,-3.85999012
KARPAS-299,PD-0325901,-0.439086143,0.53369689
KARPAS-299,PD-0332991,1.99531267,0.923765719
KARPAS-299,PF2341066,0.886114323,0.425945759
KARPAS-299,PHA-665752,1.113776107,2.309592962
KARPAS-299,PLX4720,2.079441542,2.991097212
KARPAS-299,RAF265,1.490170777,2.36253953
KARPAS-299,Sorafenib,2.079441542,0.680547297
KARPAS-299,TAE684,-1.857778523,0.248727143
KARPAS-299,TKI258,2.079441542,2.202607393
KARPAS-299,Topotecan,-0.467520866,-2.015081882
KARPAS-299,ZD-6474,2.079441542,2.70820713
HT-1080,17-AAG,-2.175875194,-0.503113687
HT-1080,AEW541,1.96019564,3.535961628
HT-1080,AZD0530,2.079441542,1.978266358
HT-1080,AZD6244,-0.301951421,2.997452021
HT-1080,Erlotinib,2.079441542,3.700719118
HT-1080,L-685458,2.079441542,2.990351677
HT-1080,Lapatinib,2.079441542,4.030461311
HT-1080,LBW242,2.079441542,4.967998981
HT-1080,Nutlin-3,1.802860148,4.043261051
HT-1080,Paclitaxel,-5.232549476,-2.379552603
HT-1080,Panobinostat,-3.167079541,-2.599607468
HT-1080,PD-0325901,-0.807339085,0.13060075
HT-1080,PD-0332991,2.079441542,3.771592855
HT-1080,PF2341066,1.293002169,3.272844076
HT-1080,PHA-665752,2.079441542,2.538774967
HT-1080,PLX4720,2.079441542,3.590904951
HT-1080,RAF265,0.071893235,3.928226709
HT-1080,Sorafenib,2.079441542,2.811897039
HT-1080,TAE684,2.079441542,0.686552048
HT-1080,TKI258,2.079441542,3.935835361
HT-1080,Topotecan,-1.397508436,-0.69942522
HT-1080,ZD-6474,1.551648719,3.489627361
DOHH-2,17-AAG,-0.892366597,0.612658441
DOHH-2,AEW541,0.199396355,2.156587362
DOHH-2,AZD0530,2.079441542,1.966528535
DOHH-2,AZD6244,2.079441542,3.841088295
DOHH-2,Erlotinib,2.079441542,2.110732794
DOHH-2,Irinotecan,-2.358096788,0.631825328
DOHH-2,L-685458,-0.471772011,1.941138983
DOHH-2,Lapatinib,0.534516374,2.044129133
DOHH-2,LBW242,2.079441542,3.923274279
DOHH-2,Nilotinib,2.079441542,1.311277866
DOHH-2,Nutlin-3,0.953844483,2.71814847
DOHH-2,Paclitaxel,-5.974562593,-4.334789753
DOHH-2,Panobinostat,-4.243111729,-4.475979328
DOHH-2,PD-0325901,2.079441542,1.837141395
DOHH-2,PD-0332991,1.398280831,1.753648043
DOHH-2,PF2341066,2.079441542,1.001227856
DOHH-2,PHA-665752,0.97518207,2.544939518
DOHH-2,PLX4720,2.079441542,3.504369497
DOHH-2,RAF265,0.132901213,2.846986532
DOHH-2,Sorafenib,-2.709795844,1.204522014
DOHH-2,TAE684,-0.262949124,0.84327817
DOHH-2,TKI258,-0.173959085,2.880330801
DOHH-2,Topotecan,-1.349825469,-1.657887816
DOHH-2,ZD-6474,1.345329168,2.813098192
Panc 10.05,17-AAG,-2.442048974,-0.32945621
Panc 10.05,AEW541,1.755760876,3.680689096
Panc 10.05,AZD0530,1.014492862,2.140566826
Panc 10.05,AZD6244,2.079441542,4.093962193
Panc 10.05,Erlotinib,2.079441542,3.258839846
Panc 10.05,Irinotecan,-1.801078158,2.028365135
Panc 10.05,L-685458,2.079441542,3.152817965
Panc 10.05,Lapatinib,2.077897663,3.891529322
Panc 10.05,LBW242,2.079441542,5.479389191
Panc 10.05,Nilotinib,2.079441542,3.968514681
Panc 10.05,Nutlin-3,2.079441542,4.644401073
Panc 10.05,Paclitaxel,-5.697059425,-2.795505285
Panc 10.05,Panobinostat,-2.366683988,-2.546482086
Panc 10.05,PD-0325901,-1.134268772,1.122286916
Panc 10.05,PD-0332991,2.079441542,3.718030214
Panc 10.05,PF2341066,1.195828017,3.418349028
Panc 10.05,PHA-665752,2.079441542,3.209252119
Panc 10.05,PLX4720,2.079441542,4.770964146
Panc 10.05,RAF265,1.549498074,3.869276285
Panc 10.05,Sorafenib,1.081358901,2.940214157
Panc 10.05,TAE684,1.774548348,0.621704519
Panc 10.05,TKI258,2.079441542,3.999213696
Panc 10.05,Topotecan,-1.5828331,-0.545451939
Panc 10.05,ZD-6474,2.079441542,3.341860533
HH,17-AAG,-1.151412531,-0.362225801
HH,AEW541,2.079441542,2.009583712
HH,AZD0530,2.079441542,2.104333162
HH,AZD6244,2.079441542,3.203567505
HH,Erlotinib,2.079441542,2.354636192
HH,L-685458,1.984866631,1.327726126
HH,Lapatinib,2.079441542,2.682510376
HH,LBW242,2.079441542,3.534735918
HH,Nilotinib,2.079441542,1.104600906
HH,Nutlin-3,2.079441542,2.669184208
HH,Paclitaxel,-4.561070146,-4.738072395
HH,Panobinostat,-4.454244272,-4.38353014
HH,PD-0325901,2.079441542,1.168611765
HH,PD-0332991,2.079441542,1.074115157
HH,PF2341066,2.079441542,1.051851988
HH,PHA-665752,2.079441542,2.14175725
HH,PLX4720,2.079441542,2.67990303
HH,RAF265,2.079441542,2.537692547
HH,Sorafenib,1.218812828,0.873515189
HH,TAE684,1.966750126,0.416421056
HH,TKI258,2.079441542,2.481340408
HH,Topotecan,-1.913173177,-1.866360068
HH,ZD-6474,0.141329496,2.673225164
RERF-LC-MS,17-AAG,-1.823306652,-0.545181274
RERF-LC-MS,AEW541,2.079441542,3.579332352
RERF-LC-MS,AZD0530,2.079441542,1.881679058
RERF-LC-MS,Erlotinib,2.079441542,3.700528383
RERF-LC-MS,L-685458,2.079441542,2.866469145
RERF-LC-MS,Lapatinib,2.079441542,4.168381214
RERF-LC-MS,Nilotinib,2.079441542,3.44744873
RERF-LC-MS,Nutlin-3,2.079441542,3.745475054
RERF-LC-MS,Paclitaxel,-4.795260804,-2.643146515
RERF-LC-MS,Panobinostat,-1.814919115,-1.979333997
RERF-LC-MS,PD-0325901,2.079441542,1.94460845
RERF-LC-MS,PD-0332991,2.079441542,4.200060368
RERF-LC-MS,PF2341066,2.079441542,3.29421258
RERF-LC-MS,PLX4720,2.079441542,4.121739864
RERF-LC-MS,RAF265,2.049570556,3.972287893
RERF-LC-MS,Sorafenib,2.079441542,3.013819218
RERF-LC-MS,TAE684,2.079441542,0.165096402
RERF-LC-MS,TKI258,2.079441542,3.914596796
RERF-LC-MS,Topotecan,1.116618054,0.120192505
RERF-LC-MS,ZD-6474,2.079441542,3.558062792
OCI-AML5,17-AAG,-1.186575679,-0.478903353
OCI-AML5,AEW541,0.213697951,1.980025411
OCI-AML5,AZD0530,2.079441542,2.55166626
OCI-AML5,AZD6244,0.808783099,2.278056383
OCI-AML5,Erlotinib,2.079441542,2.810214758
OCI-AML5,Irinotecan,-2.621828093,0.471457988
OCI-AML5,L-685458,0.123524174,1.517579675
OCI-AML5,Lapatinib,2.079441542,2.839832544
OCI-AML5,LBW242,2.079441542,3.934484482
OCI-AML5,Nilotinib,1.983161476,1.12481606
OCI-AML5,Nutlin-3,1.228713099,2.638097763
OCI-AML5,Paclitaxel,-5.991464547,-4.272572517
OCI-AML5,Panobinostat,-4.475366708,-4.060939312
OCI-AML5,PD-0325901,-1.292326274,-0.701772094
OCI-AML5,PD-0332991,1.757834684,1.559268832
OCI-AML5,PF2341066,1.392807798,1.126159072
OCI-AML5,PHA-665752,2.079441542,2.620686769
OCI-AML5,PLX4720,2.079441542,3.56604743
OCI-AML5,RAF265,0.971986756,2.757862329
OCI-AML5,Sorafenib,0.281873572,0.438238591
OCI-AML5,TAE684,-0.271980558,0.641048849
OCI-AML5,TKI258,0.336745853,2.669165373
OCI-AML5,Topotecan,-3.032049368,-1.836792469
OCI-AML5,ZD-6474,2.079441542,3.02061677
HCC4006,17-AAG,-3.113635904,-0.331642389
HCC4006,AEW541,2.079441542,3.967563868
HCC4006,AZD0530,-0.025439139,2.071564436
HCC4006,AZD6244,2.079441542,4.346596241
HCC4006,Erlotinib,-2.08544029,3.301147699
HCC4006,Irinotecan,-0.558017144,2.132522821
HCC4006,L-685458,2.079441542,3.15222621
HCC4006,Lapatinib,0.617820633,3.823745728
HCC4006,LBW242,2.079441542,5.101213932
HCC4006,Nilotinib,2.007433161,3.558050871
HCC4006,Nutlin-3,2.079441542,4.304608822
HCC4006,Paclitaxel,-5.415462381,-2.110818386
HCC4006,Panobinostat,-2.525555734,-2.282013178
HCC4006,PD-0325901,1.15233427,1.898636222
HCC4006,PD-0332991,2.079441542,4.378179073
HCC4006,PF2341066,2.079441542,3.647726297
HCC4006,PHA-665752,2.079441542,3.114579678
HCC4006,PLX4720,2.079441542,4.122079372
HCC4006,RAF265,0.90998657,4.094415188
HCC4006,Sorafenib,2.079441542,2.995138884
HCC4006,TAE684,1.231109533,1.064187288
HCC4006,TKI258,2.079441542,4.285912514
HCC4006,Topotecan,1.315445792,-0.366660893
HCC4006,ZD-6474,-0.823100258,3.240265846
Hs 683,17-AAG,-1.938489379,-0.164768159
Hs 683,AEW541,1.924955639,4.275804043
Hs 683,AZD0530,2.079441542,2.221739531
Hs 683,AZD6244,2.079441542,4.95000267
Hs 683,Erlotinib,2.079441542,4.404318333
Hs 683,Irinotecan,-0.861504715,2.66619277
Hs 683,L-685458,2.079441542,3.727532148
Hs 683,Lapatinib,2.079441542,4.935232639
Hs 683,LBW242,2.079441542,5.501309395
Hs 683,Nilotinib,2.079441542,4.879017353
Hs 683,Nutlin-3,2.079441542,4.243004799
Hs 683,Paclitaxel,-4.893176844,-2.988280535
Hs 683,Panobinostat,-1.806270448,-1.810556769
Hs 683,PD-0325901,2.079441542,2.564798117
Hs 683,PD-0332991,2.079441542,4.520460606
Hs 683,PF2341066,1.802952257,3.947531462
Hs 683,PHA-665752,2.079441542,3.242351294
Hs 683,PLX4720,2.079441542,3.972413778
Hs 683,RAF265,2.079441542,4.445123196
Hs 683,Sorafenib,2.079441542,4.101613522
Hs 683,TAE684,1.261879219,1.427557349
Hs 683,TKI258,1.4992496,4.285197735
Hs 683,Topotecan,0.1491016,0.459299386
Hs 683,ZD-6474,2.079441542,4.341403484
697,17-AAG,-0.861397226,-0.165781468
697,AEW541,1.449462057,1.896763682
697,AZD0530,1.982639197,1.944566131
697,AZD6244,2.079441542,3.818948746
697,Erlotinib,1.442902579,2.257058859
697,Irinotecan,-3.352634701,0.033411644
697,L-685458,-1.099935105,1.221309423
697,Lapatinib,-0.163135323,2.477867842
697,LBW242,2.079441542,3.946683645
697,Nilotinib,0.647330632,1.701367021
697,Nutlin-3,0.636853866,2.868760824
697,Paclitaxel,-5.974562593,-4.42459631
697,Panobinostat,-4.465135759,-4.763104916
697,PD-0325901,2.079441542,1.654400945
697,PD-0332991,-0.165369678,1.515175223
697,PF2341066,0.871198038,0.862428129
697,PHA-665752,1.186452787,2.249300957
697,PLX4720,0.530374439,3.035427332
697,RAF265,-1.697954389,2.672414064
697,Sorafenib,1.853569385,1.280997157
697,TAE684,-0.17381868,0.019469865
697,TKI258,-0.234574557,2.665154696
697,Topotecan,-3.387045129,-2.417793274
697,ZD-6474,1.725021945,2.854296923
MEG-01,17-AAG,0.04895802,-0.003658168
MEG-01,AEW541,2.079441542,1.698989987
MEG-01,AZD0530,0.152895914,1.472054124
MEG-01,AZD6244,0.713693636,3.102753162
MEG-01,Erlotinib,2.079441542,2.122874498
MEG-01,Irinotecan,-0.693431357,-0.004106812
MEG-01,L-685458,2.079441542,1.420374751
MEG-01,Lapatinib,2.079441542,2.576348543
MEG-01,LBW242,2.079441542,3.656611204
MEG-01,Nilotinib,-2.669756807,0.64306438
MEG-01,Nutlin-3,2.079441542,2.949770212
MEG-01,Paclitaxel,-2.681539345,-4.038888454
MEG-01,Panobinostat,-2.772342944,-4.365589619
MEG-01,PD-0325901,-1.286350519,0.591369629
MEG-01,PD-0332991,2.079441542,1.481513143
MEG-01,PF2341066,0.947008475,0.644642532
MEG-01,PHA-665752,2.079441542,2.259422302
MEG-01,PLX4720,2.079441542,3.245270252
MEG-01,RAF265,0.125536577,2.766682386
MEG-01,Sorafenib,2.079441542,0.379268587
MEG-01,TAE684,2.079441542,0.033932693
MEG-01,TKI258,1.220248717,2.432095528
MEG-01,Topotecan,-0.550151939,-2.396401167
MEG-01,ZD-6474,0.450407782,2.44536829
GRANTA-519,17-AAG,-4.511342468,0.174217075
GRANTA-519,AEW541,2.079441542,2.073535681
GRANTA-519,AZD0530,2.079441542,2.339247942
GRANTA-519,AZD6244,2.079441542,3.692385912
GRANTA-519,Erlotinib,2.079441542,2.43036294
GRANTA-519,Irinotecan,-3.482994866,-0.227863669
GRANTA-519,L-685458,-2.471154004,1.384750009
GRANTA-519,Lapatinib,2.079441542,2.816499472
GRANTA-519,LBW242,2.079441542,3.955915213
GRANTA-519,Nilotinib,-0.969673518,1.820591211
GRANTA-519,Nutlin-3,2.079441542,2.810857296
GRANTA-519,Paclitaxel,-5.974562593,-4.652858734
GRANTA-519,Panobinostat,-3.435081468,-4.521359444
GRANTA-519,PD-0325901,2.079441542,1.221844077
GRANTA-519,PD-0332991,0.928989096,1.421478152
GRANTA-519,PF2341066,1.463087983,0.832774878
GRANTA-519,PHA-665752,2.079441542,2.773734331
GRANTA-519,PLX4720,2.079441542,3.872825623
GRANTA-519,RAF265,2.079441542,2.869809389
GRANTA-519,Sorafenib,2.079441542,1.564941764
GRANTA-519,TAE684,-0.089036929,0.461031616
GRANTA-519,TKI258,1.22478045,2.766500473
GRANTA-519,Topotecan,-2.985241989,-2.45314765
GRANTA-519,ZD-6474,2.079441542,3.244320154
KU812,17-AAG,-2.043226125,0.05312673
KU812,AEW541,2.079441542,1.444860578
KU812,AZD0530,-0.751437525,1.319628954
KU812,AZD6244,-1.710366768,2.786695719
KU812,Erlotinib,1.62237439,1.911602855
KU812,Irinotecan,-0.799427713,0.794976532
KU812,L-685458,2.079441542,1.189462781
KU812,Lapatinib,2.079441542,2.165148735
KU812,LBW242,2.079441542,3.484891653
KU812,Nilotinib,-4.085054291,0.452129573
KU812,Nutlin-3,2.079441542,2.501945019
KU812,Paclitaxel,-5.991464547,-4.340893269
KU812,Panobinostat,-3.419857922,-4.976080418
KU812,PD-0325901,-3.167909103,0.459944934
KU812,PD-0332991,1.833076794,1.111333489
KU812,PF2341066,0.636915344,0.372325599
KU812,PHA-665752,2.079441542,2.178328991
KU812,PLX4720,2.079441542,3.042939901
KU812,RAF265,0.099790223,2.572469473
KU812,Sorafenib,2.079441542,0.260042965
KU812,TAE684,2.079441542,-0.044292979
KU812,TKI258,0.837878336,2.275790453
KU812,Topotecan,-1.170430413,-1.670120358
KU812,ZD-6474,-0.793021884,2.238526583
U-87 MG,17-AAG,-2.237767814,-0.340242147
U-87 MG,AEW541,2.079441542,3.972580671
U-87 MG,AZD0530,2.079441542,2.79619503
U-87 MG,AZD6244,2.079441542,3.696188688
U-87 MG,Erlotinib,2.079441542,4.144773483
U-87 MG,Irinotecan,-0.233560694,2.307196379
U-87 MG,L-685458,2.079441542,3.676261425
U-87 MG,Lapatinib,2.079441542,4.431205273
U-87 MG,LBW242,2.079441542,5.432908535
U-87 MG,Nilotinib,2.079441542,4.027173996
U-87 MG,Nutlin-3,2.079441542,4.314626217
U-87 MG,Paclitaxel,-4.667942162,-1.954742789
U-87 MG,Panobinostat,-2.561625185,-1.919038892
U-87 MG,PD-0325901,1.88715026,1.06317246
U-87 MG,PD-0332991,2.079441542,4.226196766
U-87 MG,PF2341066,2.079441542,3.760570049
U-87 MG,PHA-665752,2.079441542,2.798823118
U-87 MG,PLX4720,2.079441542,3.622364759
U-87 MG,RAF265,1.186283827,4.124436378
U-87 MG,Sorafenib,2.079441542,3.385024786
U-87 MG,TAE684,2.079441542,1.3485111
U-87 MG,TKI258,2.079441542,4.048420906
U-87 MG,Topotecan,0.957316258,-0.193904221
U-87 MG,ZD-6474,2.079441542,4.208937168
NCO2,17-AAG,-2.145489536,0.102277257
NCO2,AEW541,0.494957117,1.742068529
NCO2,AZD0530,-2.017279993,1.807608724
NCO2,AZD6244,0.562318456,3.521423817
NCO2,Erlotinib,1.025599427,2.285994768
NCO2,Irinotecan,-2.052566026,0.170908451
NCO2,L-685458,1.036506279,1.604845762
NCO2,Lapatinib,1.992424659,2.678046227
NCO2,LBW242,2.079441542,3.730569124
NCO2,Nilotinib,-4.879520193,1.262753367
NCO2,Nutlin-3,2.079441542,3.006211519
NCO2,Paclitaxel,-5.974562593,-4.142848969
NCO2,Panobinostat,-3.625337229,-4.620330334
NCO2,PD-0325901,-1.977539059,1.238170147
NCO2,PD-0332991,2.079441542,1.594190478
NCO2,PF2341066,-0.471422749,0.744270146
NCO2,PHA-665752,0.922337496,2.314646482
NCO2,PLX4720,-0.127077818,3.69260335
NCO2,RAF265,0.006390493,2.69224
NCO2,Sorafenib,1.006704397,0.708289921
NCO2,TAE684,-2.712549729,0.519358158
NCO2,TKI258,0.823100296,2.481966496
NCO2,Topotecan,-2.420143074,-2.139672279
NCO2,ZD-6474,-0.160868725,2.819243431
MJ,17-AAG,-2.331382641,-0.337957501
MJ,AEW541,2.079441542,1.982200265
MJ,AZD0530,2.079441542,2.289555788
MJ,AZD6244,2.079441542,3.746095896
MJ,Erlotinib,2.079441542,2.643601179
MJ,L-685458,2.079441542,1.496033549
MJ,Lapatinib,2.079441542,2.83338356
MJ,LBW242,2.079441542,3.763701677
MJ,Nilotinib,2.079441542,1.874559045
MJ,Nutlin-3,2.079441542,2.670961142
MJ,Paclitaxel,-5.991464547,-4.952272415
MJ,Panobinostat,-4.322762675,-4.408084393
MJ,PD-0325901,2.079441542,1.298316002
MJ,PD-0332991,1.529727402,1.097535133
MJ,PF2341066,1.265043736,0.682295084
MJ,PHA-665752,2.079441542,2.661333561
MJ,PLX4720,2.079441542,3.163743258
MJ,RAF265,0.040693234,2.669206858
MJ,Sorafenib,2.079441542,1.565883994
MJ,TAE684,1.746497724,0.753108919
MJ,TKI258,2.079441542,2.623262644
MJ,Topotecan,-1.448678567,-2.138446808
MJ,ZD-6474,0.958345487,2.99364543
BDCM,17-AAG,-1.587948586,-0.749854088
BDCM,AEW541,1.60394979,2.114931583
BDCM,AZD0530,-0.46844254,2.395126581
BDCM,AZD6244,-0.765585719,3.424942732
BDCM,Erlotinib,2.079441542,2.512140751
BDCM,L-685458,2.079441542,1.750063539
BDCM,Lapatinib,2.079441542,3.081798792
BDCM,LBW242,2.079441542,4.173490524
BDCM,Nilotinib,2.079441542,1.637017488
BDCM,Nutlin-3,2.079441542,2.96536684
BDCM,Paclitaxel,-5.732529849,-4.438056469
BDCM,Panobinostat,-2.482911354,-3.690026045
BDCM,PD-0325901,-1.124713736,0.881586492
BDCM,PD-0332991,0.650556633,1.304751277
BDCM,PF2341066,2.079441542,1.121290326
BDCM,PHA-665752,2.079441542,2.568719149
BDCM,PLX4720,2.079441542,3.24015379
BDCM,RAF265,1.966755112,2.91163516
BDCM,Sorafenib,2.079441542,1.136760592
BDCM,TAE684,2.079441542,0.97321862
BDCM,TKI258,1.814627287,2.719312906
BDCM,Topotecan,-2.410649472,-2.106307745
BDCM,ZD-6474,-0.029018399,3.101526499
SK-ES-1,17-AAG,-0.574131698,0.632999182
SK-ES-1,AEW541,-0.138409736,2.112384558
SK-ES-1,AZD0530,2.079441542,2.506551504
SK-ES-1,AZD6244,2.079441542,5.18452549
SK-ES-1,Erlotinib,2.079441542,2.999861002
SK-ES-1,Irinotecan,-3.605167217,0.963377535
SK-ES-1,L-685458,1.67830671,2.333842278
SK-ES-1,Lapatinib,2.079441542,3.396456957
SK-ES-1,LBW242,2.079441542,4.600562572
SK-ES-1,Nilotinib,2.079441542,2.851976633
SK-ES-1,Nutlin-3,2.079441542,3.472935438
SK-ES-1,Paclitaxel,-5.974562593,-4.251076698
SK-ES-1,Panobinostat,-3.827099031,-3.697710276
SK-ES-1,PD-0325901,2.079441542,3.391993761
SK-ES-1,PD-0332991,2.079441542,2.94039607
SK-ES-1,PF2341066,1.234396918,1.440605521
SK-ES-1,PHA-665752,2.079441542,2.68338275
SK-ES-1,PLX4720,2.079441542,4.044933319
SK-ES-1,RAF265,-2.341920786,3.322708368
SK-ES-1,Sorafenib,2.079441542,1.602745414
SK-ES-1,TAE684,-0.345763283,0.766362667
SK-ES-1,TKI258,0.920709152,3.186069727
SK-ES-1,Topotecan,-3.173224271,-1.113380551
SK-ES-1,ZD-6474,2.079441542,3.423658609
PC-3,17-AAG,-0.946394036,-0.41020596
PC-3,AEW541,2.079441542,3.544469595
PC-3,AZD0530,1.315276805,1.344790697
PC-3,AZD6244,2.079441542,3.867395163
PC-3,Erlotinib,2.079441542,2.981595278
PC-3,Irinotecan,-0.938451996,3.523079634
PC-3,L-685458,2.079441542,3.79226613
PC-3,Lapatinib,2.079441542,3.545676231
PC-3,LBW242,2.079441542,5.39820528
PC-3,Nilotinib,2.079441542,4.186983109
PC-3,Nutlin-3,2.079441542,4.251330853
PC-3,Paclitaxel,-4.018798856,-1.426081896
PC-3,Panobinostat,-2.491974843,-2.200484753
PC-3,PD-0325901,2.079441542,0.971443713
PC-3,PD-0332991,2.079441542,4.603047848
PC-3,PF2341066,2.079441542,3.573935509
PC-3,PHA-665752,2.079441542,3.142415047
PC-3,PLX4720,2.079441542,4.520063877
PC-3,RAF265,2.079441542,4.086055279
PC-3,Sorafenib,2.079441542,3.377741337
PC-3,TAE684,1.872387635,0.604848921
PC-3,TKI258,2.079441542,4.023361683
PC-3,Topotecan,0.12306334,0.750998676
PC-3,ZD-6474,1.605553214,3.037838697
NCI-H2452,17-AAG,-1.911007153,-0.258365989
NCI-H2452,AEW541,2.079441542,3.542428255
NCI-H2452,AZD0530,2.079441542,1.761847377
NCI-H2452,AZD6244,2.079441542,4.345907688
NCI-H2452,Erlotinib,2.079441542,3.659303904
NCI-H2452,Irinotecan,-1.562202256,2.185995102
NCI-H2452,L-685458,2.079441542,3.153486013
NCI-H2452,Lapatinib,2.079441542,4.199885368
NCI-H2452,LBW242,2.079441542,5.284573078
NCI-H2452,Nilotinib,2.079441542,4.014153957
NCI-H2452,Nutlin-3,2.079441542,3.991849899
NCI-H2452,Paclitaxel,-4.94668196,-2.559842825
NCI-H2452,Panobinostat,-1.991702628,-2.006934404
NCI-H2452,PD-0325901,2.079441542,1.329094887
NCI-H2452,PD-0332991,2.079441542,3.952646255
NCI-H2452,PF2341066,2.079441542,3.019595385
NCI-H2452,PHA-665752,2.079441542,2.708989382
NCI-H2452,PLX4720,2.079441542,4.373626232
NCI-H2452,RAF265,-1.455775766,3.618186474
NCI-H2452,Sorafenib,2.079441542,3.06602788
NCI-H2452,TAE684,1.655125735,0.372182518
NCI-H2452,TKI258,1.764571936,3.682776928
NCI-H2452,Topotecan,-0.391218831,-0.955474198
NCI-H2452,ZD-6474,2.079441542,3.279043436
HPAF-II,17-AAG,-1.886305354,0.155977517
HPAF-II,AEW541,0.347437391,4.072976112
HPAF-II,AZD0530,2.079441542,2.784170866
HPAF-II,AZD6244,1.376079175,1.934398293
HPAF-II,Erlotinib,2.079441542,3.868308783
HPAF-II,L-685458,-0.025377696,4.279400349
HPAF-II,Lapatinib,1.440506154,4.102938175
HPAF-II,LBW242,2.079441542,5.920913696
HPAF-II,Nutlin-3,2.079441542,5.219307423
HPAF-II,Paclitaxel,-4.974317733,-0.675520182
HPAF-II,Panobinostat,-0.976011549,-2.673380136
HPAF-II,PD-0325901,-0.567956277,-0.996248424
HPAF-II,PF2341066,2.079441542,3.930757523
HPAF-II,PHA-665752,2.079441542,3.680022717
HPAF-II,PLX4720,2.079441542,5.031523228
HPAF-II,RAF265,2.079441542,4.527369976
HPAF-II,Sorafenib,2.079441542,3.383229733
HPAF-II,TAE684,2.079441542,1.59116137
HPAF-II,TKI258,2.079441542,4.850793839
HPAF-II,Topotecan,-0.150653083,0.833352447
HPAF-II,ZD-6474,1.578584277,3.948959351
G-401,17-AAG,-2.459484653,0.020786591
G-401,AEW541,0.344457503,2.378144979
G-401,AZD0530,2.079441542,1.52664113
G-401,AZD6244,2.079441542,5.281413555
G-401,Erlotinib,2.079441542,3.344353199
G-401,Irinotecan,-2.474416283,1.404809594
G-401,L-685458,1.938028523,2.098415136
G-401,Lapatinib,2.079441542,3.821536303
G-401,LBW242,2.079441542,4.299576759
G-401,Nilotinib,2.079441542,3.41249156
G-401,Nutlin-3,1.669873038,3.800163507
G-401,Paclitaxel,-5.205497376,-4.019314289
G-401,Panobinostat,-4.342594713,-3.166083097
G-401,PD-0325901,1.059042076,3.100488424
G-401,PD-0332991,2.079441542,3.171304226
G-401,PF2341066,1.9854658,2.024801731
G-401,PHA-665752,2.079441542,2.505964041
G-401,PLX4720,2.079441542,4.221522808
G-401,RAF265,0.300968284,2.999090433
G-401,Sorafenib,1.309562187,1.985287428
G-401,TAE684,0.387117201,0.037551135
G-401,TKI258,0.903688288,3.025172949
G-401,Topotecan,-1.708692275,-1.326673269
G-401,ZD-6474,1.766283665,3.108263254
ZR-75-1,17-AAG,-1.11710424,0.592515469
ZR-75-1,AEW541,-0.410293333,3.869704008
ZR-75-1,AZD0530,2.079441542,3.504369974
ZR-75-1,AZD6244,2.079441542,3.628280878
ZR-75-1,Erlotinib,2.079441542,3.477475882
ZR-75-1,L-685458,2.079441542,3.293689966
ZR-75-1,Lapatinib,2.079441542,3.544215679
ZR-75-1,LBW242,2.079441542,5.13480711
ZR-75-1,Nutlin-3,1.005096372,4.338442326
ZR-75-1,Paclitaxel,-5.120070433,-1.929362655
ZR-75-1,Panobinostat,-2.995672655,-2.902916908
ZR-75-1,PD-0325901,2.079441542,1.033981323
ZR-75-1,PF2341066,2.079441542,3.330184221
ZR-75-1,PHA-665752,2.079441542,3.236292839
ZR-75-1,PLX4720,2.079441542,4.765702724
ZR-75-1,RAF265,1.054421182,4.19879961
ZR-75-1,Sorafenib,2.079441542,2.021303177
ZR-75-1,TAE684,2.079441542,2.13294673
ZR-75-1,TKI258,1.35037848,4.413878918
ZR-75-1,Topotecan,-0.634012459,0.152341247
ZR-75-1,ZD-6474,2.079441542,3.991348982
GAMG,17-AAG,-2.215032398,-0.705869436
GAMG,AEW541,2.079441542,3.429637671
GAMG,AZD0530,2.079441542,1.49826467
GAMG,AZD6244,2.079441542,3.268803358
GAMG,Erlotinib,2.079441542,3.388939857
GAMG,L-685458,2.079441542,2.533497572
GAMG,Lapatinib,2.079441542,3.893429756
GAMG,LBW242,2.079441542,4.694234371
GAMG,Nutlin-3,2.079441542,3.624389887
GAMG,Paclitaxel,-4.074531464,-2.791814089
GAMG,Panobinostat,-1.971379034,-2.44498229
GAMG,PD-0325901,2.079441542,0.638048351
GAMG,PF2341066,2.079441542,2.87536025
GAMG,PHA-665752,2.079441542,2.58317852
GAMG,PLX4720,2.079441542,3.749873877
GAMG,Sorafenib,2.079441542,2.698531389
GAMG,TAE684,2.079441542,0.161322236
GAMG,TKI258,2.079441542,3.488082647
GAMG,Topotecan,1.076493037,-0.782346785
GAMG,ZD-6474,2.079441542,3.20767808
SIMA,17-AAG,0.575882958,1.175116897
SIMA,AEW541,-0.779887556,2.141785383
SIMA,AZD0530,2.079441542,3.205715895
SIMA,AZD6244,2.079441542,4.520671368
SIMA,Erlotinib,2.079441542,3.477821589
SIMA,Irinotecan,-3.161964087,0.894631445
SIMA,L-685458,1.537013822,2.64934516
SIMA,Lapatinib,2.079441542,3.487139702
SIMA,LBW242,2.079441542,5.108865738
SIMA,Nilotinib,2.079441542,3.315762281
SIMA,Nutlin-3,2.079441542,3.321452618
SIMA,Paclitaxel,-5.974562593,-2.873450994
SIMA,Panobinostat,-2.835664233,-4.094454765
SIMA,PD-0325901,0.291182777,2.797356606
SIMA,PD-0332991,2.079441542,3.338754892
SIMA,PF2341066,2.079441542,1.350102663
SIMA,PHA-665752,2.079441542,3.036182404
SIMA,PLX4720,2.079441542,4.649190426
SIMA,RAF265,1.177235729,3.342013597
SIMA,Sorafenib,1.55128587,1.902371764
SIMA,TAE684,-0.177244374,1.075921655
SIMA,TKI258,0.292722609,3.310053587
SIMA,Topotecan,-3.156295611,-1.402166128
SIMA,ZD-6474,2.079441542,3.807041407
GMS-10,17-AAG,-1.405266181,-0.040275715
GMS-10,AEW541,2.079441542,3.728019476
GMS-10,AZD0530,2.079441542,0.8292225
GMS-10,AZD6244,2.079441542,4.796815872
GMS-10,Erlotinib,2.079441542,3.743324041
GMS-10,Irinotecan,1.028641065,2.371865511
GMS-10,L-685458,2.079441542,3.05519104
GMS-10,Lapatinib,2.079441542,4.314006805
GMS-10,LBW242,2.079441542,4.860208035
GMS-10,Nilotinib,2.079441542,4.385482311
GMS-10,Nutlin-3,2.079441542,3.793611765
GMS-10,Paclitaxel,-4.581593611,-2.415559053
GMS-10,Panobinostat,-1.583278659,-2.420588732
GMS-10,PD-0325901,2.079441542,1.933814168
GMS-10,PD-0332991,2.079441542,4.627891541
GMS-10,PF2341066,2.079441542,3.573198318
GMS-10,PHA-665752,2.079441542,2.644318819
GMS-10,PLX4720,2.079441542,4.219182491
GMS-10,RAF265,1.654096501,3.823591948
GMS-10,Sorafenib,2.079441542,3.147937775
GMS-10,TAE684,1.83762389,0.071147688
GMS-10,TKI258,2.079441542,3.562644482
GMS-10,Topotecan,1.49755988,-0.063555978
GMS-10,ZD-6474,2.079441542,3.161194563
ALL-SIL,17-AAG,-0.336377172,-0.121903442
ALL-SIL,AEW541,0.939419772,1.836796641
ALL-SIL,AZD0530,-1.56332363,1.618715882
ALL-SIL,AZD6244,2.079441542,3.829154491
ALL-SIL,Erlotinib,1.935908641,2.476004362
ALL-SIL,Irinotecan,-3.768386275,0.238892108
ALL-SIL,L-685458,-1.10472803,1.199902654
ALL-SIL,Lapatinib,1.98643355,2.652282953
ALL-SIL,LBW242,2.079441542,3.669427633
ALL-SIL,Nilotinib,-5.825238159,0.862550437
ALL-SIL,Nutlin-3,2.079441542,2.769868612
ALL-SIL,Paclitaxel,-5.991464547,-4.442661762
ALL-SIL,Panobinostat,-4.919645205,-5.145385265
ALL-SIL,PD-0325901,2.079441542,1.554182649
ALL-SIL,PD-0332991,2.079441542,1.42655623
ALL-SIL,PF2341066,-0.222223665,0.719366968
ALL-SIL,PHA-665752,1.499172828,2.402162552
ALL-SIL,PLX4720,1.937782764,2.437298059
ALL-SIL,RAF265,0.179195319,2.646942616
ALL-SIL,Sorafenib,0.980005684,0.530734718
ALL-SIL,TAE684,-0.076716792,-0.026557855
ALL-SIL,TKI258,0.953737009,2.517947435
ALL-SIL,Topotecan,-4.748468665,-2.203159571
ALL-SIL,ZD-6474,-0.167597187,2.546692848
Capan-2,17-AAG,-3.07638357,-0.005404048
Capan-2,AEW541,-0.837603291,3.499570131
Capan-2,AZD0530,0.098545936,2.566438913
Capan-2,AZD6244,-0.685719723,2.647602558
Capan-2,Erlotinib,2.079441542,3.502030134
Capan-2,Irinotecan,-0.132925584,3.989701509
Capan-2,L-685458,2.079441542,4.117516041
Capan-2,Lapatinib,2.079441542,3.604512453
Capan-2,LBW242,2.079441542,5.832828045
Capan-2,Nilotinib,-2.76549735,4.418313026
Capan-2,Nutlin-3,2.079441542,4.790378094
Capan-2,Paclitaxel,-5.974562593,-0.867210269
Capan-2,Panobinostat,-2.680463989,-2.463341713
Capan-2,PD-0325901,-2.552868997,-0.66154182
Capan-2,PD-0332991,2.079441542,4.753695965
Capan-2,PF2341066,-1.538594863,3.290971994
Capan-2,PHA-665752,2.079441542,3.563766479
Capan-2,PLX4720,2.079441542,5.644444942
Capan-2,RAF265,0.149808305,4.443747044
Capan-2,Sorafenib,2.079441542,3.281237841
Capan-2,TAE684,-0.398362037,1.287168741
Capan-2,TKI258,2.079441542,4.756062984
Capan-2,Topotecan,0.191822697,1.134208441
Capan-2,ZD-6474,2.079441542,3.392820358
KP-3,17-AAG,-1.791261927,-0.504336357
KP-3,AEW541,2.079441542,3.39501524
KP-3,AZD0530,1.25694805,2.563260317
KP-3,AZD6244,2.079441542,3.21755147
KP-3,Erlotinib,2.079441542,3.624743223
KP-3,Irinotecan,0.757536098,2.596415758
KP-3,L-685458,2.079441542,3.569586039
KP-3,Lapatinib,2.079441542,4.312204838
KP-3,LBW242,2.079441542,5.571661472
KP-3,Nilotinib,2.079441542,3.996237755
KP-3,Nutlin-3,2.079441542,4.65036726
KP-3,Paclitaxel,-3.593860917,-2.301556826
KP-3,Panobinostat,-1.804857128,-2.289100647
KP-3,PD-0325901,0.780686356,-0.232236803
KP-3,PD-0332991,2.079441542,4.120982647
KP-3,PF2341066,2.079441542,3.160444975
KP-3,PHA-665752,2.079441542,2.935984612
KP-3,PLX4720,2.079441542,4.848489285
KP-3,RAF265,0.91001728,4.06037569
KP-3,Sorafenib,1.640240181,3.042704582
KP-3,TAE684,0.803636898,0.939115107
KP-3,TKI258,2.079441542,4.25993681
KP-3,Topotecan,-0.280629229,-0.046687834
KP-3,ZD-6474,2.079441542,3.683988571
NCI-H3255,17-AAG,-2.538659311,-0.389295042
NCI-H3255,AEW541,1.039594052,3.636223555
NCI-H3255,AZD0530,-2.142447917,1.473300099
NCI-H3255,AZD6244,2.079441542,3.82918644
NCI-H3255,Erlotinib,-2.587893904,2.991874695
NCI-H3255,Irinotecan,-0.517984333,2.367327452
NCI-H3255,L-685458,2.079441542,3.609534264
NCI-H3255,Lapatinib,-1.097323663,3.232412815
NCI-H3255,LBW242,2.079441542,5.325157642
NCI-H3255,Nilotinib,1.964880952,3.915693521
NCI-H3255,Nutlin-3,2.079441542,4.369369507
NCI-H3255,Paclitaxel,1.046583692,-2.437366247
NCI-H3255,Panobinostat,-2.944179947,-2.639548779
NCI-H3255,PD-0325901,1.814427562,1.211339116
NCI-H3255,PD-0332991,2.079441542,4.25402832
NCI-H3255,PF2341066,1.109828181,3.40123868
NCI-H3255,PHA-665752,2.079441542,2.969325781
NCI-H3255,PLX4720,2.079441542,3.956035137
NCI-H3255,RAF265,2.079441542,4.115600109
NCI-H3255,Sorafenib,2.079441542,3.189246416
NCI-H3255,TAE684,-0.586159947,0.866024792
NCI-H3255,TKI258,2.079441542,4.127753735
NCI-H3255,Topotecan,0.701404123,-0.391014695
NCI-H3255,ZD-6474,-2.286556894,2.999568224
HCC1187,17-AAG,0.426228331,-0.39556694
HCC1187,AEW541,2.079441542,3.538784742
HCC1187,AZD0530,2.079441542,1.881479383
HCC1187,AZD6244,2.079441542,3.86781764
HCC1187,Erlotinib,2.079441542,2.928704023
HCC1187,L-685458,-0.440560831,3.32691741
HCC1187,Lapatinib,2.079441542,2.508740187
HCC1187,LBW242,2.079441542,5.278214931
HCC1187,Nilotinib,2.079441542,3.451419592
HCC1187,Nutlin-3,2.079441542,4.059524536
HCC1187,Paclitaxel,-4.64325572,-2.687113285
HCC1187,Panobinostat,-2.264789221,-2.821602821
HCC1187,PD-0325901,2.079441542,1.332034469
HCC1187,PD-0332991,2.079441542,4.224220753
HCC1187,PF2341066,2.079441542,3.299916983
HCC1187,PHA-665752,2.079441542,2.863651276
HCC1187,PLX4720,2.079441542,3.964972734
HCC1187,RAF265,1.947645012,4.061098576
HCC1187,Sorafenib,2.079441542,2.674421787
HCC1187,TAE684,2.079441542,0.696739852
HCC1187,TKI258,2.079441542,3.916339874
HCC1187,Topotecan,1.824504884,0.39769575
HCC1187,ZD-6474,2.079441542,3.117744446
SIG-M5,17-AAG,-1.770462048,-0.422273517
SIG-M5,AEW541,-0.438056903,1.961499333
SIG-M5,AZD0530,2.079441542,2.195533752
SIG-M5,AZD6244,-5.044551811,1.963688731
SIG-M5,Erlotinib,1.700495412,2.537515402
SIG-M5,Irinotecan,-2.696716792,0.278308719
SIG-M5,L-685458,-0.900993875,1.166374326
SIG-M5,Lapatinib,2.060753914,2.873129845
SIG-M5,LBW242,2.079441542,3.82729578
SIG-M5,Nilotinib,0.500533357,1.10347569
SIG-M5,Nutlin-3,0.372062664,2.490105391
SIG-M5,Paclitaxel,-5.991464547,-4.683261395
SIG-M5,Panobinostat,-4.711201037,-3.868324518
SIG-M5,PD-0325901,-5.974562593,-0.832916677
SIG-M5,PD-0332991,-0.921907285,0.841025591
SIG-M5,PF2341066,1.049072267,1.059950113
SIG-M5,PHA-665752,-0.799241381,2.293216467
SIG-M5,PLX4720,-3.394126817,3.702867508
SIG-M5,RAF265,-1.850850302,2.811443567
SIG-M5,Sorafenib,1.620300559,0.614408553
SIG-M5,TAE684,-2.127786622,0.421049953
SIG-M5,TKI258,0.181576459,2.477814436
SIG-M5,Topotecan,-3.178616228,-2.224268913
SIG-M5,ZD-6474,2.079441542,2.824637175
OCI-AML2,17-AAG,-2.423507277,-0.932602763
OCI-AML2,AEW541,2.079441542,1.258179188
OCI-AML2,AZD0530,2.079441542,1.562242866
OCI-AML2,AZD6244,-4.355283599,-0.374978304
OCI-AML2,Erlotinib,2.079441542,2.820928574
OCI-AML2,Irinotecan,-2.508673046,0.796901166
OCI-AML2,L-685458,2.079441542,1.492709041
OCI-AML2,Lapatinib,2.079441542,2.769465446
OCI-AML2,LBW242,2.079441542,3.983361006
OCI-AML2,Nilotinib,1.916644914,0.12946713
OCI-AML2,Nutlin-3,1.87940793,2.669560671
OCI-AML2,Paclitaxel,-4.893038542,-4.465295792
OCI-AML2,Panobinostat,-3.89584306,-4.041793346
OCI-AML2,PD-0325901,-5.991464547,-3.980954409
OCI-AML2,PD-0332991,0.424200575,1.517527819
OCI-AML2,PF2341066,1.386924184,0.395636797
OCI-AML2,PHA-665752,2.079441542,2.436191797
OCI-AML2,PLX4720,2.079441542,3.403156996
OCI-AML2,RAF265,0.612275033,2.787392378
OCI-AML2,Sorafenib,0.767782413,-0.20041886
OCI-AML2,TAE684,-0.001566922,0.418531239
OCI-AML2,TKI258,1.22717688,2.497288465
OCI-AML2,Topotecan,-3.132300455,-1.630654693
OCI-AML2,ZD-6474,2.079441542,2.862100601
